{"type":"FeatureCollection","features":[{"type":"Feature","id":0,"properties":{"nm_municip":"NITERÓI","cd_geocmu":"3303302","geometriaa":"Nã","anoderefer":2015.0,"uf":"RJ","tipo":"Limite municipal","fonte":"Limite multiescala - IBGE (2015)","shape_Leng":1.04179492352,"EXECUCAO":"CPRM (2013)","CONSISTIDO":"Consistido 2012 a 27 março 2017","Carta_Susc":"Sim","Shape_Le_1":1.04179493779,"Shape_Area":0.0117701402727,"encarterel":"sim","Mesorregio":"Região Metropolitana","ORDEM":"48"},"geometry":{"type":"MultiPolygon","coordinates":[[[[-42.95681365992182,-22.900811844990557],[-42.95641734668256,-22.90107482474328],[-42.95599632457005,-22.90129157664485],[-42.95569879196502,-22.901521615130335],[-42.9553789552739,-22.901866926917045],[-42.95502742017864,-22.90256343475462],[-42.95488631744895,-22.902743270385564],[-42.95453635976453,-22.90300590030195],[-42.95419959693318,-22.90312750483038],[-42.95385797506482,-22.903209110212195],[-42.95342274456335,-22.9034296572528],[-42.95298349499166,-22.903742550278384],[-42.95284549672165,-22.904234306767776],[-42.952851415160026,-22.904608369880254],[-42.95325547156211,-22.905208161927042],[-42.953463230243194,-22.905798549763198],[-42.95351542689475,-22.906444266589542],[-42.953539911836806,-22.906874614671626],[-42.9537743596983,-22.907271712119737],[-42.9538985048115,-22.907724962337078],[-42.95416793180398,-22.908330476770033],[-42.954515789571374,-22.908865329671144],[-42.95524860214063,-22.9092925723942],[-42.95575685219633,-22.909684034690386],[-42.956753192205404,-22.910313237266006],[-42.95746746974727,-22.91081785675859],[-42.95813072515218,-22.91132002739728],[-42.958557031681,-22.911784209773387],[-42.95952708990264,-22.912191392218872],[-42.96005013020871,-22.91232907482688],[-42.960701482187034,-22.912664850202614],[-42.96144859487609,-22.912953775396343],[-42.96234071964787,-22.91331078016829],[-42.96313104026464,-22.913684221849294],[-42.9638566366738,-22.91375763980314],[-42.96444320688787,-22.91387201737964],[-42.96507606970423,-22.91397629467015],[-42.96598500730162,-22.914547407336915],[-42.96681825975427,-22.914876134725734],[-42.96765291694793,-22.915216752051396],[-42.96864027992437,-22.915528580279695],[-42.9696146800728,-22.915936404841112],[-42.9703456220522,-22.916426594711503],[-42.970927915090606,-22.916829396559333],[-42.97155780025167,-22.917359597267502],[-42.97229798995964,-22.917836780243153],[-42.97290045029495,-22.918068985195447],[-42.97346238538017,-22.918310025087486],[-42.974094997285704,-22.918551961603686],[-42.9747740915505,-22.918823260085297],[-42.975104745287126,-22.91908392678172],[-42.9755417600436,-22.9194412517123],[-42.97603829193303,-22.920297999852743],[-42.9760271754132,-22.921046226801842],[-42.97602254030738,-22.92203775993462],[-42.97696735006252,-22.922339795445144],[-42.97764148006962,-22.922893956790595],[-42.97817929713625,-22.923333190174528],[-42.978635724658375,-22.923670251580774],[-42.9790096753556,-22.92412380486964],[-42.979337651810575,-22.92456608155932],[-42.97956216036482,-22.9251043950517],[-42.979987847260766,-22.925375035229617],[-42.98046175490544,-22.925768097419702],[-42.98091849539163,-22.92627561722585],[-42.98131889515027,-22.926501880357392],[-42.98226014988542,-22.92659370203764],[-42.98276945034923,-22.926754186956114],[-42.982959361984356,-22.926887567207384],[-42.982946632080775,-22.92706514194267],[-42.982731400033465,-22.92727756540724],[-42.98260718207519,-22.927481787054738],[-42.982431092120585,-22.927778896978424],[-42.98225636733685,-22.92866536681312],[-42.98175713028673,-22.929641257138215],[-42.9813769769653,-22.93075897684522],[-42.98276847998075,-22.93227341538576],[-42.98441856236617,-22.932696631844035],[-42.98482267182824,-22.93295256540849],[-42.98538960984202,-22.93327959487734],[-42.98574925682216,-22.93354609007993],[-42.98643715994639,-22.934153520068797],[-42.98726962009632,-22.934547620076525],[-42.9879749646723,-22.935342357263927],[-42.98858945703724,-22.9356856950387],[-42.98962232480985,-22.936310390212242],[-42.990278175197055,-22.936626247403314],[-42.990544121813194,-22.936771217217853],[-42.99068884701208,-22.937451551647737],[-42.990855471602146,-22.938046157304218],[-42.99103158493912,-22.93832780698263],[-42.99127007705184,-22.938592757149962],[-42.99154703226915,-22.93898916032142],[-42.99180255214546,-22.93946948193095],[-42.991794547279966,-22.940011952089854],[-42.991873450198995,-22.94038124519821],[-42.99264040193245,-22.940870020435028],[-42.99329725506371,-22.941087320023733],[-42.99377986544786,-22.941246324658067],[-42.99418941670766,-22.941461744663716],[-42.99472136030196,-22.941774271665246],[-42.99532216228736,-22.94209002183694],[-42.9956430718697,-22.94224462968585],[-42.996122094858244,-22.942542912325464],[-42.99670605703833,-22.942789330163382],[-42.997281212157624,-22.94288814227385],[-42.99783657499738,-22.94283920476541],[-42.99802478241723,-22.94267979993272],[-42.99847746965894,-22.942949011987217],[-42.99880274185249,-22.943127725264247],[-42.99948968989672,-22.9439484672479],[-43.0000282848769,-22.94435460018459],[-43.00146570457803,-22.94521424504128],[-43.00185073672155,-22.945323652064843],[-43.00243871977055,-22.945217835134915],[-43.00307940039345,-22.94527222972956],[-43.00344476975976,-22.945687755185663],[-43.00368118983447,-22.945987361627342],[-43.00380783236499,-22.9462835803229],[-43.0039028547324,-22.946822026914926],[-43.00438167987004,-22.94734797472918],[-43.0048818171416,-22.94743187158352],[-43.00518836185284,-22.94795965041746],[-43.00542308041025,-22.948242024949383],[-43.00574828965131,-22.948586982403217],[-43.00591399963082,-22.948996666762664],[-43.00619322203902,-22.9495111050534],[-43.00674868200553,-22.949916692101592],[-43.00721605157894,-22.949948562276266],[-43.00759012728201,-22.949961927101157],[-43.00815003529532,-22.95006427984256],[-43.00864319023049,-22.950252444994273],[-43.0090989252746,-22.95044013980052],[-43.00947569534652,-22.950505050167827],[-43.00975059021704,-22.95054522018571],[-43.01002254160648,-22.950625040413193],[-43.01046324718055,-22.950561245205247],[-43.01081924740982,-22.950531049568184],[-43.01118298720457,-22.95067786479157],[-43.0116122516036,-22.950960385013694],[-43.011958781971664,-22.951307892045488],[-43.01239983018747,-22.951438522169973],[-43.012249664989504,-22.951892120424958],[-43.012298160031506,-22.95264778206942],[-43.01241448464021,-22.95341929516425],[-43.01262206165826,-22.953941820158796],[-43.012700352139014,-22.95437594719211],[-43.01292634457458,-22.95489015975297],[-43.013481721803494,-22.955304391984008],[-43.013763652070345,-22.955631776685067],[-43.01347691492715,-22.956187236651562],[-43.01313858457747,-22.956374602306],[-43.01289963201186,-22.9567182215686],[-43.01384417017176,-22.95697496002631],[-43.01472118183655,-22.95718386983966],[-43.01627774731965,-22.957349766878135],[-43.01675498515392,-22.957383961800332],[-43.017130560026786,-22.9574934416689],[-43.01739306493745,-22.957607601609453],[-43.01763849172245,-22.957761186929154],[-43.0179201072266,-22.958087237036263],[-43.01825704002984,-22.95833513965491],[-43.01885613690065,-22.95865082237745],[-43.0192256971077,-22.958784451740964],[-43.019978730033834,-22.959159391692502],[-43.02065365504163,-22.95958352725787],[-43.021220975267255,-22.95995614156263],[-43.02166695716382,-22.9602395853885],[-43.02191827181027,-22.960527481757797],[-43.021740331950205,-22.961352116906625],[-43.02164084984482,-22.96175815001854],[-43.021770391789595,-22.962711679600233],[-43.021833886624016,-22.963135344820245],[-43.02180618660568,-22.96344319534714],[-43.021790942197725,-22.963959054566633],[-43.0219219968022,-22.964526911687546],[-43.02202647014493,-22.964839185080255],[-43.02214444231165,-22.96509195213181],[-43.022477862362926,-22.965330080019132],[-43.02275143972664,-22.96550485156755],[-43.02318817029729,-22.965811329729004],[-43.02342610483035,-22.96598247161373],[-43.023831555181594,-22.96627806168315],[-43.02428314165312,-22.96662772528921],[-43.02448635695927,-22.966946044824027],[-43.02458019491954,-22.967491509725303],[-43.024373671906886,-22.967854469807857],[-43.02410985218742,-22.96843173743465],[-43.02402575028762,-22.968928200076306],[-43.02382599017679,-22.969151009811153],[-43.023550999978134,-22.96939887735621],[-43.023462631694564,-22.969683734916345],[-43.023504499632416,-22.970022207358934],[-43.023370485359095,-22.970631259724794],[-43.02345144682627,-22.97109605723719],[-43.0234494323449,-22.971234679636687],[-43.02327215978183,-22.97119780743279],[-43.022880065262285,-22.97113225674817],[-43.02237876516735,-22.97122811008913],[-43.02224480485333,-22.971391286678482],[-43.021860222370854,-22.971760772241765],[-43.021427796854795,-22.971894020292755],[-43.02103398013352,-22.97215024703618],[-43.02074642460726,-22.972414101829276],[-43.020422492403576,-22.972808664987802],[-43.01999678662186,-22.97304903218698],[-43.01914607742897,-22.973702582108416],[-43.018544087439146,-22.97391169157126],[-43.01833760669463,-22.97395243715519],[-43.01807309000056,-22.9741224351022],[-43.017864965295374,-22.97438268541251],[-43.017277916642016,-22.97475760198168],[-43.016937991794364,-22.97500168967619],[-43.01651752006695,-22.97523546484475],[-43.01627795236505,-22.975385370138643],[-43.015789890290655,-22.975589500055293],[-43.01545660963428,-22.975795567111643],[-43.01494721024501,-22.97604721180929],[-43.01443655000623,-22.97638484518441],[-43.01411274730487,-22.9766483672283],[-43.013884330297074,-22.97674106664684],[-43.013762779727934,-22.97682043991128],[-43.01376086507134,-22.9768165395516],[-43.013755040162444,-22.976820341885194],[-43.01383185035907,-22.97692289157808],[-43.014060580330984,-22.977098006667603],[-43.01428418236857,-22.977158149728744],[-43.01485968192822,-22.97714533978555],[-43.015585229774004,-22.977117110066533],[-43.01608119509053,-22.977020926674324],[-43.01668515729365,-22.97706637481329],[-43.01770884208885,-22.97693583731896],[-43.01835993506241,-22.976828229838834],[-43.01943826985975,-22.976713774920682],[-43.019851170194805,-22.976532584910803],[-43.02000174728228,-22.976336471550866],[-43.02013306538813,-22.975953905348398],[-43.020291464778744,-22.97606504176818],[-43.02047772966298,-22.976031530330797],[-43.02060343689853,-22.975904090101576],[-43.020886867234616,-22.975998247321204],[-43.02133809487665,-22.976097025257406],[-43.02184769031813,-22.976041472335993],[-43.02292187024758,-22.97563200471316],[-43.023372835287574,-22.975494281635715],[-43.023939782294605,-22.97536517496277],[-43.024269661715,-22.975109041748823],[-43.024568289694315,-22.975393664585877],[-43.02420413980869,-22.97615607204503],[-43.02417954514934,-22.976443266943168],[-43.024236080130464,-22.97673179193859],[-43.02448815200606,-22.977126265164905],[-43.02435149192726,-22.977263970255954],[-43.02428118472838,-22.977775375133408],[-43.02434696743805,-22.978439830233896],[-43.02410499494905,-22.97890790487585],[-43.024078439767635,-22.97913692982538],[-43.024130114812436,-22.979309589765677],[-43.02439246234175,-22.97963742232909],[-43.024168731701046,-22.979847621770226],[-43.0240881065803,-22.98006880463154],[-43.0241639266234,-22.98030284689881],[-43.024422286558746,-22.98051018020058],[-43.025006102149376,-22.980671811754657],[-43.02567192691734,-22.980715040366732],[-43.0264867603552,-22.98088819043758],[-43.02783216682051,-22.98089330038541],[-43.02842303489465,-22.98080306960591],[-43.0291435501342,-22.98042246482484],[-43.02975544165978,-22.980003201786268],[-43.03023551955304,-22.979048711728616],[-43.03035441532351,-22.976919562287915],[-43.03022489676105,-22.976312529799348],[-43.02994350968468,-22.975773461775788],[-43.030172334984776,-22.97560166518465],[-43.03142369664577,-22.975151505037868],[-43.03371834202737,-22.97472592516126],[-43.0347748817549,-22.97470410491044],[-43.03655600975156,-22.97472880658907],[-43.036807099567504,-22.974851375190752],[-43.0368971297982,-22.97503268660913],[-43.036909206793936,-22.975366774856724],[-43.03711503193266,-22.97555194526601],[-43.037354046551506,-22.97557010977268],[-43.037553269767095,-22.975711146851864],[-43.0378887924333,-22.97588368538371],[-43.038088766582796,-22.97596766227772],[-43.0383606316373,-22.975907496733527],[-43.038582096885754,-22.975764196960057],[-43.03896564155065,-22.975326516705284],[-43.03905342167757,-22.975103767225015],[-43.03923049998706,-22.974991277325522],[-43.039517151694724,-22.97457655676263],[-43.039645344656435,-22.974494692376055],[-43.03975857739596,-22.974515206811276],[-43.039951470283654,-22.974737392416642],[-43.04013122677418,-22.974796955415087],[-43.04091340492919,-22.975308345004038],[-43.0408959302025,-22.975446700304897],[-43.04086131529697,-22.97553625029766],[-43.04082925986194,-22.975775575182546],[-43.0408688516157,-22.97588562971797],[-43.0409910595892,-22.976006932074174],[-43.04113017661586,-22.976075144752066],[-43.04128419181148,-22.976077452412405],[-43.041382457134205,-22.97602004958557],[-43.04176912694316,-22.9760882217939],[-43.04252648470901,-22.976532405046363],[-43.042845330347234,-22.976596979966562],[-43.04308503744403,-22.976541727418716],[-43.043415867447834,-22.976767967167884],[-43.043929544912096,-22.97727401028729],[-43.04406632729865,-22.97746884660992],[-43.04408744697759,-22.977794029770596],[-43.04399553536519,-22.97808436959789],[-43.04398342689314,-22.978208455355883],[-43.0440683921421,-22.978400635081154],[-43.04445619509682,-22.978706452240917],[-43.044821845051615,-22.979054731790345],[-43.045490532361676,-22.979773196575685],[-43.04590258463605,-22.980043102007503],[-43.04657349956688,-22.98040018681908],[-43.04703609463957,-22.98053012716358],[-43.047303921738106,-22.980566875261022],[-43.0476406818715,-22.980475460074356],[-43.047792925402696,-22.980295762039727],[-43.04781066992599,-22.9801382970447],[-43.047970966886126,-22.980116379667123],[-43.04810207185262,-22.98004989009027],[-43.04820064474348,-22.980190820150174],[-43.04838872985552,-22.980228064673362],[-43.04862068659493,-22.980153054919498],[-43.04877528724922,-22.9805276648198],[-43.04904520527152,-22.980923076938357],[-43.04939159534536,-22.981094312352557],[-43.04979764194713,-22.98120920973716],[-43.05004799701698,-22.981144995445128],[-43.05035581157098,-22.981512335226036],[-43.050832112311646,-22.981766665299315],[-43.05102798015669,-22.981783409776455],[-43.05124677531792,-22.981730244555052],[-43.05138352982558,-22.98182123166444],[-43.051563781842574,-22.98184733988277],[-43.051703510408196,-22.981820387201058],[-43.051750011653226,-22.981713150241635],[-43.05171043159068,-22.981337866749097],[-43.051579769989885,-22.98109256676847],[-43.05176003189946,-22.981014699868442],[-43.05189403987755,-22.98112987964018],[-43.05207267671217,-22.98113497160156],[-43.052250960113234,-22.981072150359388],[-43.05231506019142,-22.980893452370847],[-43.052415587309,-22.98002147241297],[-43.05231625988701,-22.979037401854526],[-43.051857527402504,-22.977918422197344],[-43.05171669536874,-22.977566236892272],[-43.05156566682156,-22.977398776832022],[-43.05122024172029,-22.977375416941843],[-43.05058738160188,-22.977243397364845],[-43.050272420135585,-22.976895484738776],[-43.050082334931304,-22.97683580662712],[-43.04994638531697,-22.97683588486811],[-43.04976195684834,-22.97686531158482],[-43.04948374527812,-22.97683321657959],[-43.04920903476865,-22.976557475447045],[-43.04823250502558,-22.97534778207441],[-43.04823312735648,-22.975159755418332],[-43.04811263978599,-22.97493880728004],[-43.04777177514684,-22.974585457352894],[-43.047403170019784,-22.974380226666053],[-43.04680878199918,-22.974086205014284],[-43.04614167479799,-22.973843374572006],[-43.04585922022636,-22.97337417667686],[-43.04573365508361,-22.972487771593336],[-43.04606550491861,-22.970396149962284],[-43.046930380232375,-22.96883502221843],[-43.047529596713055,-22.96826026190152],[-43.04760603009374,-22.96819134505446],[-43.048031582091376,-22.967451444928184],[-43.04809995484858,-22.96706807023517],[-43.04945706239302,-22.965373271759034],[-43.05050040996544,-22.9645128921562],[-43.05193378001947,-22.963634009901543],[-43.054414342247604,-22.962500182437424],[-43.057961551683796,-22.96150745230702],[-43.05971370981936,-22.961191262366786],[-43.0619047550999,-22.96073178524361],[-43.06199328526142,-22.96071321694134],[-43.06364822488522,-22.960366141584107],[-43.06753324486293,-22.95948210531484],[-43.068370480412895,-22.9595044669575],[-43.068745947367105,-22.959570846817073],[-43.06896504739858,-22.95964908693575],[-43.06941803501387,-22.959771077273306],[-43.06974260483689,-22.959961262302357],[-43.06984443956877,-22.95996656470513],[-43.06990441175871,-22.959921899875695],[-43.06989755982407,-22.9598047802663],[-43.06993474679068,-22.959720621709238],[-43.070041321849075,-22.95970997463556],[-43.070176595173265,-22.95963158522941],[-43.07020571522116,-22.959579376886648],[-43.070186857337134,-22.95945371731515],[-43.07012706231363,-22.95934965676119],[-43.070142459606345,-22.959173645047628],[-43.07017261477391,-22.959003184849028],[-43.07012709738716,-22.95889273011531],[-43.06988798024564,-22.958698685196094],[-43.069871726798326,-22.95848047729212],[-43.07001376662156,-22.958243287397735],[-43.07028923525955,-22.95792111696589],[-43.0706035672004,-22.95781444478073],[-43.0711519072343,-22.957872864740835],[-43.071547206937616,-22.95790357029344],[-43.07177028197247,-22.957864472267516],[-43.07189776716779,-22.957743580002134],[-43.072085096849314,-22.957674639772762],[-43.07222512488914,-22.957628099856866],[-43.072281631991295,-22.957509329991495],[-43.07226172729644,-22.957320940009282],[-43.07212753225934,-22.957232700328774],[-43.0720559552177,-22.95704965501748],[-43.07247425957899,-22.956829431732814],[-43.07382341981451,-22.956554750001626],[-43.077289344926896,-22.955956447232186],[-43.08192379964323,-22.9554071350312],[-43.085413011800604,-22.95493700723703],[-43.08760435026012,-22.95467237183241],[-43.09070156502476,-22.954360399712627],[-43.092841626839196,-22.954164932065886],[-43.094650790301294,-22.95417188742258],[-43.09618285195662,-22.95442755029112],[-43.096391060298764,-22.954778091635582],[-43.09647377994056,-22.955023561588035],[-43.09700130966232,-22.955192927311685],[-43.09738837966958,-22.955114576576396],[-43.09778982983639,-22.955446892260202],[-43.0981237166358,-22.95557137192119],[-43.09846652201199,-22.955606369937954],[-43.09875016458804,-22.955513182187573],[-43.09883876669531,-22.95540374458708],[-43.09888004737591,-22.955219076898835],[-43.09903854029599,-22.955159145178328],[-43.0990660073899,-22.955066006890632],[-43.09902873678639,-22.954961094678684],[-43.098546916906265,-22.954826836689072],[-43.09801362163094,-22.954727701721964],[-43.09791582665369,-22.954528597216925],[-43.097934421935605,-22.954098025203656],[-43.098230539907064,-22.953600922244696],[-43.09876500160315,-22.953141605200845],[-43.09914116193468,-22.9529190202965],[-43.09962803510533,-22.952786282161103],[-43.10012340956726,-22.952829847119663],[-43.10041703012141,-22.95281843202494],[-43.10077609524021,-22.952739110021838],[-43.10092339969472,-22.952582590214305],[-43.101058611865064,-22.95259914223656],[-43.10130245044732,-22.95268866974627],[-43.101800652377825,-22.953038082441456],[-43.10198203034603,-22.95324999688976],[-43.102217747150895,-22.953422357355834],[-43.10224166462073,-22.95355703712747],[-43.102336105126746,-22.953722425149724],[-43.10246634494545,-22.953864349859803],[-43.10263045233311,-22.953890205368594],[-43.102803227386616,-22.953865267168265],[-43.10294167172035,-22.954004427362385],[-43.103049602057105,-22.954229151753882],[-43.1032591521877,-22.954363620184868],[-43.10363749157657,-22.95444575976397],[-43.10456861544882,-22.954352396645714],[-43.10527655726688,-22.954462397221764],[-43.10556951681932,-22.9544987496175],[-43.105763395364,-22.954471201584596],[-43.10591086169652,-22.954302731585738],[-43.105931332064905,-22.954222340288688],[-43.105781200141884,-22.954119007286273],[-43.10560494201403,-22.954039251809984],[-43.10571962536003,-22.95390921523805],[-43.10569478518577,-22.953840230042527],[-43.105619979578,-22.95365417200239],[-43.10571082189652,-22.95338348505974],[-43.10590673740562,-22.95320962182652],[-43.106155842417806,-22.95315286741081],[-43.10652697194182,-22.953133405182466],[-43.106736055324276,-22.95317174238195],[-43.10687986231538,-22.953266039895745],[-43.107474629849875,-22.95336221159673],[-43.10773876523142,-22.95341964230259],[-43.10792627477734,-22.953386041832324],[-43.108269119723715,-22.95354542957782],[-43.109270936604034,-22.953626067289104],[-43.109680262134006,-22.953642891805924],[-43.11041863970807,-22.953651691672153],[-43.110659067161855,-22.953523149773478],[-43.11076076159946,-22.953398930016572],[-43.11072935007905,-22.953338824726906],[-43.1106990968854,-22.95319511036596],[-43.110757922439795,-22.953139067314034],[-43.11082253513148,-22.95313087718817],[-43.11091393502971,-22.953051332153198],[-43.111056199683496,-22.95256025015536],[-43.111068319846694,-22.95238419167706],[-43.11098780534256,-22.952144311910427],[-43.11080126166847,-22.951876289658948],[-43.110858976560095,-22.951667922136814],[-43.11134418958232,-22.951793159926332],[-43.11180364961836,-22.951915105297793],[-43.112247084634866,-22.951917121577853],[-43.11235562740989,-22.951876879614225],[-43.11242082016434,-22.951826885402372],[-43.11245157697828,-22.95170181668542],[-43.11250337163289,-22.951687502176394],[-43.11268501220314,-22.9516120148825],[-43.11276305986694,-22.951565156606627],[-43.11281856242635,-22.951504767131247],[-43.113054572410185,-22.951473057035887],[-43.11313195457563,-22.95147397704235],[-43.11323091507426,-22.951546832020632],[-43.11337935717119,-22.951539640142222],[-43.11347182726262,-22.951615401729356],[-43.11388738959095,-22.951647222441277],[-43.11406601023781,-22.951556765032628],[-43.11426649700086,-22.951517336955458],[-43.11430878492211,-22.95149096163849],[-43.11426848180462,-22.95137400660505],[-43.114172665335836,-22.951307167191914],[-43.114063330258084,-22.951284960232652],[-43.11409003472692,-22.951219575023323],[-43.1142391800937,-22.951161617314746],[-43.11428179986478,-22.951111352406915],[-43.11427961001561,-22.95103666461032],[-43.11389741523316,-22.95069165679448],[-43.11358288544141,-22.95058338741333],[-43.11320597507528,-22.95055501470209],[-43.11291194173236,-22.950596311570425],[-43.11257550715356,-22.950439996808342],[-43.11229235021141,-22.950394814868766],[-43.11213110716448,-22.95030897997535],[-43.11186666961071,-22.950162771794435],[-43.11148104481394,-22.950065600047346],[-43.11112289970168,-22.95007925535331],[-43.11126542156159,-22.949274069842406],[-43.11145691690279,-22.948158604735784],[-43.11202970230851,-22.94674495231764],[-43.11268432691974,-22.945774712432954],[-43.11337326156637,-22.94504938492108],[-43.11358405006347,-22.944917734965408],[-43.11386422035706,-22.94494495744377],[-43.11422449236601,-22.945241919878615],[-43.1144936252802,-22.945367565060995],[-43.11479272720219,-22.945424877056357],[-43.11535894036239,-22.9455212016421],[-43.11571516991875,-22.94564489529561],[-43.11616295675469,-22.945677090125542],[-43.11640237157178,-22.945620201710856],[-43.11662860232775,-22.945584065152424],[-43.116786050235646,-22.945624756777057],[-43.11710077697887,-22.945718090217653],[-43.11749627723099,-22.94580043484214],[-43.11780972513833,-22.94575338231269],[-43.11817567007074,-22.94587419993432],[-43.11853524690372,-22.94575601732627],[-43.118587865337304,-22.945681977041513],[-43.11895381206841,-22.945802791965182],[-43.119140155193634,-22.94585278527777],[-43.11952457489883,-22.945803585167226],[-43.120266541667206,-22.945549567158743],[-43.1203618868912,-22.94545064173364],[-43.12039162027668,-22.94536588242947],[-43.12037334695202,-22.94528801732807],[-43.120281497392796,-22.945167466805092],[-43.120150502143595,-22.945079307164214],[-43.120171496816745,-22.944960094832457],[-43.1201233749934,-22.94470865518022],[-43.12014572674349,-22.944407904800904],[-43.12008686521625,-22.944316989637322],[-43.11993706514306,-22.944189779634584],[-43.11978122702163,-22.94403263479817],[-43.11972728208804,-22.94396927666075],[-43.11973768544544,-22.943914054689778],[-43.120153284645994,-22.943860761764682],[-43.12036164677221,-22.943800589925193],[-43.12046266671832,-22.94372413675943],[-43.12051313487291,-22.943572422029572],[-43.12044426479059,-22.943422280213984],[-43.12029682004181,-22.943357815011076],[-43.11996053475047,-22.943253029603547],[-43.11967319686016,-22.94321603239392],[-43.119690804686506,-22.943108725287388],[-43.11963694159118,-22.943039396550862],[-43.11948895005463,-22.94297309043569],[-43.11925037970087,-22.94301092221619],[-43.11910095464498,-22.94308978736375],[-43.1188324872291,-22.943149321583846],[-43.11865784967961,-22.943186075077254],[-43.1183045573091,-22.94308333023143],[-43.11771644475772,-22.942938971955904],[-43.11750559510676,-22.942796104756365],[-43.11723369497866,-22.942637576762674],[-43.116830719561676,-22.942163911934898],[-43.11646999519371,-22.941899801734372],[-43.11626501721639,-22.94179881236526],[-43.11603788533978,-22.941667694808228],[-43.11572581159651,-22.941383257231482],[-43.11558907687401,-22.94124425172075],[-43.115615036704185,-22.940999666701178],[-43.11575396217523,-22.94074746172593],[-43.11603672971091,-22.94058656221998],[-43.11615692680033,-22.940056386692824],[-43.115967907292706,-22.939734584983036],[-43.11579149717949,-22.939433839999626],[-43.11559582178938,-22.939126889694112],[-43.11576087706242,-22.93876713479538],[-43.11659768183716,-22.937344952307665],[-43.11743576724649,-22.93673780470588],[-43.11793997215159,-22.936638997092],[-43.11829708214424,-22.93690711017493],[-43.118540704889256,-22.937244489941214],[-43.11858741477698,-22.93736450536759],[-43.11861481981771,-22.937481304818313],[-43.11925594470568,-22.937754705015593],[-43.11985403973176,-22.93787528161889],[-43.119891490199734,-22.93796531994352],[-43.120031132430434,-22.938142480091333],[-43.120304760156166,-22.938355300156942],[-43.12083262532502,-22.938463271862446],[-43.1216638021424,-22.938517914669976],[-43.12261634966445,-22.938464170285137],[-43.12287525998489,-22.938485422164415],[-43.12310130008456,-22.93840590500842],[-43.12325259213305,-22.938508999690526],[-43.123807936986346,-22.938643629999465],[-43.12461329516708,-22.938756365413877],[-43.12534563469291,-22.93877648684535],[-43.12592866517537,-22.938699274651732],[-43.12620743972116,-22.938686796558365],[-43.12664350029691,-22.93879181489027],[-43.12674902224922,-22.938772036999843],[-43.126823987036985,-22.938723225396448],[-43.12691498493821,-22.938709009812868],[-43.12704834180717,-22.93876601513941],[-43.12728544716527,-22.938782192144377],[-43.1276805921852,-22.9388613999336],[-43.12805087005127,-22.938947956982567],[-43.128279642291275,-22.938969770038774],[-43.12898697706698,-22.939157782305745],[-43.12925746525947,-22.93914759208761],[-43.12943438978488,-22.939187906896315],[-43.12969840016064,-22.939198661888657],[-43.130901186740026,-22.939243896888257],[-43.131210899762856,-22.939232614893204],[-43.131849711594576,-22.939026205195127],[-43.13210894657029,-22.93893368743964],[-43.13226971207719,-22.938913575001415],[-43.13250200696168,-22.938904362346396],[-43.13270132460606,-22.938948519958135],[-43.13307991670441,-22.938859102165768],[-43.133397401668404,-22.938744667032697],[-43.13363794963131,-22.938798770246976],[-43.13393923690588,-22.938649400049698],[-43.13413604544179,-22.93859437503032],[-43.13443523459803,-22.938597892278814],[-43.134658297042414,-22.938502652275506],[-43.13477820005353,-22.938459261785432],[-43.13484688217752,-22.938348066909708],[-43.13494769168223,-22.938326861795172],[-43.135088604655,-22.938357091606445],[-43.13522508217143,-22.938186670078696],[-43.135289864835,-22.937977180202648],[-43.1352719800175,-22.937776275254844],[-43.135139692442486,-22.93764092189097],[-43.13499525682529,-22.937639224870253],[-43.13477207477105,-22.937494537442873],[-43.134350096679235,-22.93746269694586],[-43.134296269556806,-22.937390386956718],[-43.134163390227926,-22.937352295272127],[-43.134009292294614,-22.93730269676198],[-43.1338336448065,-22.93731974520999],[-43.133441866848294,-22.937296021993784],[-43.13325655704411,-22.937265171650296],[-43.1330660500578,-22.93727736196063],[-43.132968266771705,-22.937407521739697],[-43.1329201917131,-22.93738605222448],[-43.132739526907265,-22.937392885273347],[-43.1326875748713,-22.937419151772392],[-43.132657409811216,-22.93750242179929],[-43.132656182236666,-22.93759200236893],[-43.132451962387805,-22.93767023529305],[-43.13214428722872,-22.937768157074718],[-43.13202830526173,-22.93776081680816],[-43.13187297975385,-22.93780080156566],[-43.13175299490441,-22.937850159956877],[-43.131596451714486,-22.937822496810696],[-43.131013242266945,-22.937596907271413],[-43.12995568180891,-22.93716415979808],[-43.129203364743105,-22.93665575685763],[-43.12870332459836,-22.936451927314497],[-43.128145379805076,-22.93599598722498],[-43.127940780442266,-22.935961316561457],[-43.12773780525516,-22.935808400337333],[-43.12755646685709,-22.93577042196732],[-43.12706868537118,-22.935506630126824],[-43.126900924937345,-22.935325457204016],[-43.12659951715364,-22.93494840474504],[-43.126428680139114,-22.93457380203925],[-43.126228982081514,-22.93438572502115],[-43.12594218468372,-22.93430026244707],[-43.12586885486338,-22.934148035103686],[-43.126150334569914,-22.933790415195446],[-43.12633870476703,-22.933804281842047],[-43.126501375038075,-22.93371159501405],[-43.126537820063966,-22.933593760443646],[-43.126506582112725,-22.933480251612234],[-43.12671154480161,-22.933341356718177],[-43.12700053744449,-22.93314765533993],[-43.12714366724607,-22.93285903501638],[-43.127175121933945,-22.93255121506648],[-43.12717847190857,-22.93230755185196],[-43.12711637012399,-22.932101900282397],[-43.12701293459891,-22.931965134982914],[-43.1267797601774,-22.93175810205472],[-43.12572998515033,-22.931283392214695],[-43.12458296013512,-22.930846950326426],[-43.12426379164027,-22.930703406836678],[-43.123702481583855,-22.930442320156864],[-43.12320555669073,-22.930282339758136],[-43.12289287230783,-22.930042121846363],[-43.122718529735955,-22.929685246576785],[-43.12268350024294,-22.929419627313884],[-43.12274429171532,-22.929185996936138],[-43.12284020171354,-22.928998587214988],[-43.12306551695969,-22.928933159737458],[-43.12330605682866,-22.92888583021685],[-43.12349229023665,-22.928848609975297],[-43.12359410968003,-22.928760217410044],[-43.12369269696001,-22.92862519679531],[-43.123759201825294,-22.928572226726804],[-43.123726835224886,-22.928512855283977],[-43.12354776671566,-22.92847296225731],[-43.12336360714438,-22.928359687249696],[-43.12319785489672,-22.92831472024804],[-43.12305649675955,-22.928184029869026],[-43.122927040250325,-22.928031979692012],[-43.12285159702322,-22.92789131673082],[-43.12280882976331,-22.92762560663638],[-43.12287839682018,-22.927350471646868],[-43.123029302160205,-22.927069134932573],[-43.12371247664908,-22.926908772321926],[-43.12386185044364,-22.926738511772818],[-43.124298179916714,-22.9265214720882],[-43.12454817975431,-22.926348816644502],[-43.12454663022243,-22.92618035743746],[-43.12447971166899,-22.925982455325972],[-43.12432308034551,-22.925837251687742],[-43.12394360691156,-22.92557831528697],[-43.12375701467409,-22.925361076852177],[-43.12345611500735,-22.9252965972601],[-43.12334159174066,-22.925184142434187],[-43.1233087017348,-22.925043984891925],[-43.123540789775234,-22.924767187055952],[-43.12429634709839,-22.924406981596835],[-43.12461177171555,-22.924108312248766],[-43.12468795508467,-22.923784436702345],[-43.12448378469851,-22.92336163033489],[-43.12426084186399,-22.923051869648],[-43.123861811772834,-22.922888550066467],[-43.12328498211583,-22.92278858502514],[-43.12263451237249,-22.92255967159148],[-43.12218230716735,-22.922554229793807],[-43.12194056490478,-22.922464880349853],[-43.1217684850272,-22.92252400987511],[-43.121406735432124,-22.922265710194303],[-43.12079092196308,-22.92225842028981],[-43.12029990021984,-22.922330779741596],[-43.11997224032627,-22.922449226750345],[-43.11966694027672,-22.922640984693636],[-43.11986616708959,-22.922958309578277],[-43.11976121530744,-22.923096187339105],[-43.11973415200914,-22.92323558495421],[-43.11975526988943,-22.92352691673372],[-43.119829390213795,-22.923620941753008],[-43.11976023504645,-22.92375601183043],[-43.11967740029139,-22.923927054789708],[-43.11952282661679,-22.924062841626753],[-43.11948823509358,-22.924177116680514],[-43.11950051173886,-22.924333995317546],[-43.11957935170535,-22.924433009775523],[-43.11964862018726,-22.924666419819385],[-43.11967473470089,-22.924867421893943],[-43.119962784854245,-22.924928174695452],[-43.1199427974218,-22.92518024027581],[-43.11991563969463,-22.9253538552961],[-43.11977360166998,-22.92547832506458],[-43.119728862196844,-22.925879181678827],[-43.11979573488487,-22.92596789979868],[-43.11965351159989,-22.926105745183953],[-43.11890962657765,-22.92692647008048],[-43.118418037362176,-22.92751635519554],[-43.117737307230584,-22.927988677335495],[-43.11760719691421,-22.92829486681458],[-43.11772133976763,-22.92881213976839],[-43.117788457071235,-22.92906538975584],[-43.11789566525238,-22.929072394575282],[-43.117887125290224,-22.929242406911474],[-43.11775550681079,-22.92950843986253],[-43.11760616539186,-22.929713096781914],[-43.11736625684688,-22.930348650369833],[-43.11712380501922,-22.930720404922656],[-43.11669721700258,-22.931058782037084],[-43.11632477986433,-22.931167135055187],[-43.11600280728334,-22.931170959871828],[-43.11592572729012,-22.931111746709664],[-43.11586606176894,-22.931042706655536],[-43.115840187374374,-22.930973975068845],[-43.115733446840686,-22.93095177530413],[-43.1153465351141,-22.930578286858392],[-43.11496012700786,-22.93031757519586],[-43.11485448004981,-22.93019781517698],[-43.11483993171708,-22.930056199833672],[-43.11491598018796,-22.92992904019301],[-43.11551627495572,-22.929347464813567],[-43.11513040014745,-22.929048531964142],[-43.115036337356685,-22.928837161605628],[-43.11492211985955,-22.928740237172153],[-43.1148420001578,-22.928714440119258],[-43.11473643234012,-22.92873803203449],[-43.114658796565834,-22.928681682313737],[-43.114462872063484,-22.928524532081425],[-43.1143347951143,-22.92838539167244],[-43.1143378896815,-22.92831088463957],[-43.114301440158954,-22.92826075732799],[-43.114249835261305,-22.928262055049732],[-43.11419965488977,-22.928309241578145],[-43.11416460741031,-22.928306915032046],[-43.114123529976546,-22.928293046586745],[-43.114077820134916,-22.92831543970571],[-43.114070836899195,-22.9283726968424],[-43.11409705033821,-22.928416972265413],[-43.11392146490328,-22.928579262123193],[-43.11379261993306,-22.928495542435297],[-43.11363385991432,-22.928486009621597],[-43.11313695030963,-22.92815899184391],[-43.11280050673758,-22.928611812185324],[-43.11262071157619,-22.928779786657778],[-43.112451631836954,-22.92891921664845],[-43.112263802132354,-22.929134124939857],[-43.11218303671739,-22.92924095540568],[-43.11202977695228,-22.929281182080814],[-43.111944655221286,-22.929318396926405],[-43.11184895206707,-22.929374600057695],[-43.11181916742026,-22.92943923163515],[-43.111876775292544,-22.929600474682083],[-43.1119856697025,-22.929783350021495],[-43.11221387986625,-22.92984119531483],[-43.112625231568806,-22.930389216988694],[-43.11289125732525,-22.930850567399695],[-43.11324177978394,-22.931315917095827],[-43.113271720013465,-22.931537992084582],[-43.11341527519441,-22.931602774748203],[-43.11351827724632,-22.93161546688024],[-43.11377996737121,-22.931643425004015],[-43.11393169469158,-22.93171403707309],[-43.11400991232721,-22.931877434895657],[-43.11410278171763,-22.932174800226765],[-43.11417213743379,-22.93238205528755],[-43.11410489512439,-22.93261826492094],[-43.113455609788154,-22.93360637163668],[-43.11333899739645,-22.933918059570743],[-43.11305605988888,-22.934293540014814],[-43.11300635525867,-22.9344554152851],[-43.11229222700427,-22.935069931931743],[-43.11189617007181,-22.935344377141213],[-43.111765729704295,-22.93537531741689],[-43.11170012685897,-22.93534395715782],[-43.11165624713771,-22.935234485383123],[-43.11164712171688,-22.935148365404675],[-43.111595831581944,-22.935126730414236],[-43.11153800697303,-22.93512986455156],[-43.11139742495083,-22.935233934998028],[-43.11094850496913,-22.934972440026034],[-43.11081338003304,-22.934704559867477],[-43.11059446166467,-22.934568156994803],[-43.110363430327645,-22.934557962280095],[-43.110172819919335,-22.93431848181243],[-43.110268211908064,-22.934172601884004],[-43.11005072526034,-22.934045612215158],[-43.10976080991303,-22.933969526872126],[-43.10947055012541,-22.933918287099214],[-43.10921488995483,-22.933901860082738],[-43.108994295250156,-22.934034939960416],[-43.108992701651445,-22.934149601722687],[-43.10869591998032,-22.934419392041242],[-43.10853801521681,-22.934644961795495],[-43.10855994698356,-22.93499795019521],[-43.10860719196795,-22.935125142211497],[-43.10857133959523,-22.935291960155755],[-43.108533106717104,-22.93544441232971],[-43.108401327259045,-22.93557185975343],[-43.10755285468012,-22.935575840152833],[-43.10754591730982,-22.935425475305387],[-43.107685189919195,-22.935427137252518],[-43.10768445697174,-22.93503434216107],[-43.107626476780055,-22.9350300667841],[-43.1076513070618,-22.93472836672069],[-43.107637821727664,-22.934214047140507],[-43.10760917472321,-22.934196504964664],[-43.10714263162673,-22.93420814219193],[-43.10713933741009,-22.93444511175242],[-43.106895614840354,-22.93443512657977],[-43.10670659982934,-22.93446780164763],[-43.10670400978181,-22.93465406203526],[-43.106502424946584,-22.9346865869164],[-43.106274570014975,-22.93480029989386],[-43.1063036918615,-22.935417736639156],[-43.105999290234635,-22.935612036965875],[-43.105281900139154,-22.93567333205855],[-43.10471727967829,-22.935596732303257],[-43.104216475109844,-22.935451030440653],[-43.10329141986271,-22.93507903666817],[-43.102130324954125,-22.93450628183937],[-43.10129667230317,-22.933890864971346],[-43.10087534981714,-22.933455024729515],[-43.10015872234672,-22.93256156716254],[-43.099859679779996,-22.93237169689624],[-43.09937194955544,-22.932191210156166],[-43.09909837219172,-22.931978355016987],[-43.098613734735665,-22.931576681818314],[-43.09828333190981,-22.93093234994795],[-43.09796550160618,-22.930288167364985],[-43.097734999969845,-22.929691604783653],[-43.09759296464321,-22.92906117013681],[-43.09664979525147,-22.927291745017932],[-43.09630895669258,-22.926495925046865],[-43.09597678669891,-22.925979642246638],[-43.09569765961888,-22.92526605988067],[-43.09520501190135,-22.92364175026652],[-43.09511641519,-22.92312170200487],[-43.09517768690031,-22.922613537384773],[-43.09531553228558,-22.922439585118664],[-43.09552693681829,-22.922538884661755],[-43.09564685511785,-22.922540321778378],[-43.09569901669587,-22.922471719694027],[-43.095833750426806,-22.921625109611035],[-43.095776076904,-22.92159933234322],[-43.09555865230957,-22.92165406508295],[-43.095399501985035,-22.921691576704834],[-43.09525275690882,-22.921671896840483],[-43.09463757476387,-22.92084382538216],[-43.09478186019427,-22.920644381832663],[-43.09507324683247,-22.91778365998787],[-43.095192862060536,-22.917319369693104],[-43.095551859730136,-22.915914851688996],[-43.09577101192227,-22.91554921162678],[-43.09605709166104,-22.91537942502035],[-43.0962375217438,-22.915387562086252],[-43.0962930395917,-22.9155674166029],[-43.09637626465249,-22.91561022703027],[-43.09653467033834,-22.915579272365477],[-43.09689516178187,-22.915127579773888],[-43.096811096754294,-22.914847135187046],[-43.0969498198779,-22.914813870163908],[-43.09715467734609,-22.915445054845332],[-43.098531932402324,-22.914925967059663],[-43.09887323231342,-22.91480093161764],[-43.099070777394076,-22.914737595063887],[-43.09923761962003,-22.91479469661786],[-43.09927414468561,-22.914719122089732],[-43.09942522179611,-22.91464710168234],[-43.09963888992244,-22.91468765031474],[-43.099867416647534,-22.914697446629788],[-43.10019354679432,-22.914446407175866],[-43.10022811223721,-22.91427957484242],[-43.10032458970765,-22.9140657016707],[-43.10048910718613,-22.914058710341152],[-43.10081919704792,-22.91437320685796],[-43.1014018624056,-22.914948727102036],[-43.10170043732493,-22.91504679727181],[-43.102075440228965,-22.914991647246644],[-43.10254219736411,-22.914869149691455],[-43.10280558990562,-22.914862894906584],[-43.102904570189345,-22.91480158722343],[-43.10289844220896,-22.91455904006758],[-43.10314028969223,-22.914340707157844],[-43.10349735022212,-22.914267881857175],[-43.10391882739155,-22.914329659885794],[-43.10385798016123,-22.91453201723872],[-43.104053737389656,-22.914701394653584],[-43.103823667427925,-22.915225315395936],[-43.10555207986418,-22.91534752966468],[-43.10576706999386,-22.9153574752672],[-43.10564902228417,-22.91486996537655],[-43.10579159990202,-22.914817907220574],[-43.1060306298093,-22.914784920087907],[-43.10642437008822,-22.914985350193696],[-43.106652976853,-22.915041504761543],[-43.10694540670475,-22.915076560334946],[-43.1072909765969,-22.91503289735025],[-43.107666386893854,-22.91515151702883],[-43.10764454685794,-22.915341735332774],[-43.10772892664822,-22.915533877286553],[-43.10793558455917,-22.915678669934582],[-43.108090689733146,-22.91571738035274],[-43.10835319734177,-22.91561896484328],[-43.10875361958345,-22.91534001492969],[-43.10907096964915,-22.915377826925102],[-43.10954253455991,-22.915409142218078],[-43.11069112979139,-22.915466972222905],[-43.111007262175,-22.915333990371295],[-43.111301426819004,-22.915044809770084],[-43.1115252968546,-22.91470999487032],[-43.11161283236594,-22.91444224691211],[-43.11146324003612,-22.914070139825046],[-43.11114212540837,-22.913760780235727],[-43.11078426987773,-22.913512544867995],[-43.1105971866105,-22.913519277192822],[-43.11038654740087,-22.913597406694898],[-43.11020665691131,-22.91355047017798],[-43.1101121921236,-22.91338807240155],[-43.11004241192738,-22.912397079761366],[-43.11039818193017,-22.9110840866612],[-43.11142446666542,-22.90971228959044],[-43.11396883219544,-22.906587200338993],[-43.11480599040374,-22.905667537426872],[-43.11587885012847,-22.904793516907237],[-43.11678530020105,-22.904366189647856],[-43.1173821667532,-22.904331452434498],[-43.1179957202259,-22.904399451973045],[-43.11833508659458,-22.904659317373536],[-43.11921290225325,-22.905290912145837],[-43.11973189471082,-22.90552702015581],[-43.120602342223954,-22.905758324886712],[-43.12082478683408,-22.905757969654502],[-43.12100280493514,-22.90570631709282],[-43.12117639477441,-22.905508274687037],[-43.12167932713885,-22.905272312367266],[-43.12290988478299,-22.905104679637162],[-43.123890279812215,-22.90517121507944],[-43.124555525416795,-22.90538063660703],[-43.12497236478244,-22.905626000439465],[-43.125504647421174,-22.906303060437814],[-43.125611117258885,-22.906625069890968],[-43.12559648708783,-22.906950705410654],[-43.125549082024136,-22.907197754572664],[-43.125403665246566,-22.907469282381417],[-43.1253287499215,-22.907653887117117],[-43.12533564682224,-22.907902449838137],[-43.12548790024603,-22.90808344019852],[-43.125646232187485,-22.90819760013908],[-43.12581639021386,-22.908201996924543],[-43.125962271940935,-22.908189981982023],[-43.12652229686615,-22.90806936221126],[-43.12709851678274,-22.907990145428787],[-43.12754741697933,-22.907991530384763],[-43.12843891672226,-22.908041781802737],[-43.12903432996996,-22.908208279588372],[-43.12952616739832,-22.908358024802947],[-43.12972544457325,-22.908448771793335],[-43.129891352403625,-22.908574967360817],[-43.1300028350624,-22.908732452140868],[-43.13021501660935,-22.90913965167349],[-43.13029480715928,-22.909445492215617],[-43.13016259692593,-22.909670640187848],[-43.12993001156044,-22.909939676874547],[-43.12978646537273,-22.91006342178944],[-43.129562884918826,-22.91009901695598],[-43.1294100649222,-22.910240570246035],[-43.1294728465942,-22.91055191014247],[-43.1297052296123,-22.910685734658884],[-43.13038970991683,-22.910987670344625],[-43.13083306039705,-22.9112297453564],[-43.13107017025176,-22.911242092148754],[-43.13151199008589,-22.91113738498226],[-43.131543169581235,-22.91097946672896],[-43.13151751731921,-22.91073426657309],[-43.13141571676154,-22.910082275176798],[-43.13152184665553,-22.909712917317197],[-43.13154254185448,-22.909520232172927],[-43.13134941244506,-22.909310094784974],[-43.131177640135625,-22.90885889682054],[-43.131156759676365,-22.90868901488606],[-43.13118657490016,-22.90839548966003],[-43.13194771701315,-22.907995882204123],[-43.13258916026116,-22.907673709973643],[-43.132870096777154,-22.907545605145494],[-43.1333807219424,-22.90712393192386],[-43.13442022671173,-22.90617088977465],[-43.13471870000765,-22.905844679588235],[-43.13495101018062,-22.905453182218512],[-43.135305790029825,-22.90478119169857],[-43.135697422297845,-22.903488427049222],[-43.13580742197458,-22.903365477135004],[-43.13596775041096,-22.903333910031883],[-43.136662179915305,-22.90324855177918],[-43.13687941205486,-22.903145699914067],[-43.13693862161974,-22.90287043722087],[-43.136847630013754,-22.902734975039017],[-43.13630476235457,-22.90264020538113],[-43.136200086664324,-22.902562520144137],[-43.13617600012193,-22.902437997315683],[-43.13609172465302,-22.90199977476974],[-43.13606738000524,-22.901705611924374],[-43.13595670223967,-22.90112372717822],[-43.13585773994239,-22.900816741799108],[-43.13567813004132,-22.900394404877808],[-43.13525079019146,-22.8997511818715],[-43.13529417168834,-22.899218890239506],[-43.135498281819906,-22.89877895178714],[-43.13573366677494,-22.897819171917185],[-43.1356679353266,-22.89772283024437],[-43.13416669523641,-22.897181961778053],[-43.13381224184112,-22.8970774515631],[-43.13258226965566,-22.896690279932425],[-43.13105954206385,-22.896233671646577],[-43.12956509185513,-22.895744489916222],[-43.12932243678064,-22.89557438674846],[-43.12918464535473,-22.895467637221632],[-43.12907569518685,-22.89551414026531],[-43.12890186163124,-22.895590936972088],[-43.12855352722314,-22.895618791673808],[-43.12762074230302,-22.895738315171037],[-43.127592300344034,-22.895931506633687],[-43.12754007671277,-22.8959786769743],[-43.12694896492242,-22.89601949720194],[-43.12634178494507,-22.895728017034262],[-43.125280694648,-22.895251989687534],[-43.125144399693916,-22.89522409991222],[-43.12484581488208,-22.894995986875223],[-43.12480822232125,-22.894916699945703],[-43.12456110481078,-22.894576001681035],[-43.1245547951673,-22.894170879582347],[-43.12456882189321,-22.893669137020964],[-43.124510362362976,-22.89313559173409],[-43.12439675010957,-22.893146197439002],[-43.124362806997574,-22.89291123516533],[-43.12437963691031,-22.89251523668876],[-43.12516087527378,-22.89252445743771],[-43.12542719960523,-22.892472644796644],[-43.12549035179792,-22.892405530190988],[-43.12544702156243,-22.892343860081024],[-43.1253551872917,-22.89227110043087],[-43.12532807003403,-22.892179990114393],[-43.12534707180954,-22.892110924879237],[-43.12541796716506,-22.892018581592176],[-43.12531334003826,-22.891938502359924],[-43.12529220507083,-22.891793281634573],[-43.12532772199638,-22.891642405072886],[-43.12542175690818,-22.89155511237849],[-43.12558263033373,-22.891482945381576],[-43.126598900218724,-22.891474185085524],[-43.12716090185376,-22.891852769989246],[-43.127237926988364,-22.891887902004985],[-43.127561369960866,-22.891868021591883],[-43.12780300700281,-22.89185316659028],[-43.12888672694051,-22.891806202194378],[-43.12895207168039,-22.8917424600464],[-43.12898455159543,-22.891630550209683],[-43.12908340957132,-22.891003342330333],[-43.12908063156552,-22.890453781916435],[-43.12904881984681,-22.889591590179666],[-43.1290160422562,-22.888582245074513],[-43.12890554525434,-22.88836591225696],[-43.12892145965726,-22.887957540008397],[-43.1288964504105,-22.887524791635755],[-43.12894831970882,-22.88731514977426],[-43.12928576242764,-22.886965512248523],[-43.12953471455508,-22.886863316888512],[-43.12977423009626,-22.886885249554524],[-43.129979506648525,-22.88695934199999],[-43.130267449782615,-22.887228554953797],[-43.13076137004085,-22.88692075478893],[-43.130652730139005,-22.886757007130118],[-43.130849900202364,-22.88612437004358],[-43.13103188701162,-22.885075204756824],[-43.13107742688136,-22.884743089621836],[-43.13120863706856,-22.884408272024054],[-43.13133809987303,-22.884349539999207],[-43.131513580087265,-22.884339654651267],[-43.13173396524992,-22.884440205151275],[-43.131946549693126,-22.88454544021981],[-43.13217486507758,-22.88463174725727],[-43.13262990044918,-22.884808279678317],[-43.13280319171356,-22.88486407181942],[-43.133130757178336,-22.884877121881615],[-43.13388119466102,-22.88494841024087],[-43.1339652147225,-22.884951430164314],[-43.13405165216167,-22.884928906643648],[-43.13409207219101,-22.884725942248373],[-43.1341147566903,-22.884556924562368],[-43.13409462176903,-22.884445235059474],[-43.13409018721202,-22.884203866914884],[-43.13412076955753,-22.88385300721044],[-43.1342459623809,-22.883560599841747],[-43.134528911579615,-22.88323420169699],[-43.13485317473387,-22.88346976741574],[-43.134978692212506,-22.883342220167243],[-43.13467257467922,-22.88309970178975],[-43.134610962125834,-22.882513611813664],[-43.13456837473037,-22.882233570123088],[-43.13447696493963,-22.882129759580696],[-43.13447572657318,-22.881729900314582],[-43.13452713002268,-22.881666835356082],[-43.134551571797225,-22.881576330283377],[-43.1344731203379,-22.881467891829665],[-43.1343192796107,-22.881403967119333],[-43.134207244768184,-22.88129991465926],[-43.134059477162765,-22.881056024815603],[-43.13356686541814,-22.88030957672553],[-43.13176890660937,-22.87746042735674],[-43.1315806551228,-22.87755617457774],[-43.131398965089794,-22.877643637244017],[-43.131118884728394,-22.87761944008501],[-43.131145734887376,-22.877023587068813],[-43.12979595232095,-22.87673773216054],[-43.12823758189849,-22.876432684820468],[-43.128093640009084,-22.87696379024667],[-43.12708114188082,-22.877090445367724],[-43.126195721554964,-22.877163634893783],[-43.12565902684225,-22.877190760245327],[-43.12566469526912,-22.87734134722532],[-43.12496871983019,-22.877401042424122],[-43.124400725113006,-22.877454071847836],[-43.124432812024295,-22.877670872312866],[-43.122743639706826,-22.877877915133617],[-43.122740289732185,-22.877746466626068],[-43.121895079893655,-22.877782881974365],[-43.1217816771823,-22.877704085175345],[-43.12168986989121,-22.87781768483822],[-43.12179064162445,-22.87787721725969],[-43.121852464619174,-22.87799402030774],[-43.12138265968162,-22.878481651606847],[-43.121547696968264,-22.878574395092173],[-43.12140631724737,-22.87874852722266],[-43.1209242050876,-22.87855646980515],[-43.12090129665711,-22.878609761830983],[-43.12113561231826,-22.878727215088848],[-43.121077355135476,-22.878856932401426],[-43.12083900691426,-22.878751379872227],[-43.12063039027993,-22.879183559873336],[-43.12071110533288,-22.879220354735516],[-43.12064393496922,-22.879323491685717],[-43.12058648717625,-22.879675417086766],[-43.12011643222718,-22.88047981209358],[-43.1198700197852,-22.88039805472639],[-43.11982351674152,-22.880479439774245],[-43.11971266990344,-22.8806644896744],[-43.1208356668322,-22.881129332152884],[-43.120530529559915,-22.881679326939306],[-43.12027667522802,-22.88157597684981],[-43.12024778990321,-22.881613861690294],[-43.12074429661164,-22.881884939838056],[-43.12064376229939,-22.882070110247334],[-43.11976155525122,-22.88172040707108],[-43.1191537547416,-22.881367481623936],[-43.118947401700844,-22.881297437027037],[-43.11886183030885,-22.8813322650719],[-43.11885099167956,-22.88137036485038],[-43.11888613178917,-22.881440066805542],[-43.11904657713745,-22.881585319906527],[-43.119171810430316,-22.88147928534065],[-43.11932511516154,-22.881581447425763],[-43.11966376477057,-22.881968434695448],[-43.119695806715704,-22.882187919636728],[-43.12026895994416,-22.88239848510197],[-43.1200892897885,-22.882525380341956],[-43.119715716806525,-22.882427079945707],[-43.119679660287716,-22.88249903200464],[-43.119987657404074,-22.882603022411473],[-43.11994671217065,-22.882767395099144],[-43.12010197022938,-22.882840206909957],[-43.12008869533663,-22.883055080127782],[-43.119797725084545,-22.883025356634825],[-43.11956505967936,-22.882956410110165],[-43.11936389482748,-22.882884039866475],[-43.11923689526611,-22.882743962363893],[-43.119214607367844,-22.88256520681879],[-43.11867546739854,-22.882393972303905],[-43.118572350233364,-22.88257911213627],[-43.11839416216049,-22.882598505116825],[-43.11647689029587,-22.881952210026416],[-43.114435789879394,-22.881311592356017],[-43.11433236244818,-22.880959149844823],[-43.11423983480017,-22.8803774674461],[-43.114318551559506,-22.87971897485077],[-43.114359797166514,-22.87953310207096],[-43.11450297463222,-22.879248091626067],[-43.11493290992547,-22.878923476836906],[-43.115377124654174,-22.878685042280807],[-43.11553329192748,-22.87857937733632],[-43.115802801657594,-22.87866858468735],[-43.11587367542938,-22.87867430527487],[-43.116366191845884,-22.878314142083898],[-43.11639931477617,-22.878006802371974],[-43.11716151718986,-22.877333464667608],[-43.11784205666521,-22.87678517229783],[-43.117896161678125,-22.876713314667683],[-43.1178847124092,-22.876646280101664],[-43.1178378019726,-22.876607496838435],[-43.11770511689724,-22.87661869519654],[-43.117670695345915,-22.876310076648654],[-43.11744325230387,-22.876199524788188],[-43.11735007174804,-22.876225179748165],[-43.11630553527186,-22.87687988170113],[-43.115662996649576,-22.877252635400705],[-43.11540820522413,-22.87714340014774],[-43.11528900458353,-22.877148809569835],[-43.11516725976082,-22.87722655506142],[-43.11507123195139,-22.87708506472391],[-43.11508951966522,-22.876806220030954],[-43.115194566775465,-22.876667932179238],[-43.11531852033306,-22.876505021789264],[-43.11551272173432,-22.876184300165257],[-43.11573114187831,-22.87590209200787],[-43.11602203029207,-22.875824646889882],[-43.11624258992322,-22.875760974889012],[-43.11653497211091,-22.87564975483227],[-43.11640654712408,-22.875299844811916],[-43.11697733243756,-22.87504378983896],[-43.117232020441,-22.874898675233606],[-43.11739558014154,-22.87457045506235],[-43.11759463518388,-22.874406006831673],[-43.11783306164609,-22.874318036947766],[-43.11808855724075,-22.874278570199788],[-43.11868974503535,-22.87427083513089],[-43.119082946620324,-22.874267399720654],[-43.11964855993273,-22.874296509875972],[-43.12102167001371,-22.873820557172884],[-43.121389976565816,-22.873662441968037],[-43.12211112672675,-22.87334602180139],[-43.12226679217833,-22.873276184947915],[-43.12230114987779,-22.873192527313197],[-43.12275917009925,-22.873095635255293],[-43.1233117099671,-22.873040037367765],[-43.123302972154086,-22.872925252398417],[-43.12355264014185,-22.872812477413827],[-43.124647324613946,-22.872663959773874],[-43.12465678458256,-22.87272619016151],[-43.12503890022471,-22.87258152521717],[-43.125190425197566,-22.872512592182293],[-43.125199396834326,-22.87243099669307],[-43.125190530418266,-22.872325765221806],[-43.125088227139614,-22.87217199464178],[-43.12489998734419,-22.87207863691951],[-43.12441299726164,-22.8718674167478],[-43.12432705175168,-22.871742164569156],[-43.12432675677401,-22.87152986521106],[-43.12428209464259,-22.871496486873276],[-43.124108762009385,-22.871491107128843],[-43.12394790477164,-22.871423854926924],[-43.12373356485177,-22.871400670404544],[-43.123563024613546,-22.87142732720932],[-43.1233797122036,-22.871257917418898],[-43.12264117185221,-22.87058976970205],[-43.1216172667231,-22.86967454674286],[-43.12113949199358,-22.86893575188336],[-43.12085990985656,-22.868642754559374],[-43.12029753500286,-22.868148954810327],[-43.120023897384556,-22.867799626651372],[-43.11960504533619,-22.867322799807283],[-43.1192916819652,-22.867142890431957],[-43.11854772499715,-22.866871275389006],[-43.11834482715165,-22.86662696466264],[-43.1180322767678,-22.866387580422415],[-43.117795321596425,-22.86627700967618],[-43.1175827452471,-22.86615462543555],[-43.11705208678399,-22.865746951960183],[-43.116875164956525,-22.86569568700626],[-43.1165114017794,-22.865692765108953],[-43.116292506793336,-22.86564697702628],[-43.116001339589786,-22.86549420019711],[-43.11572389244327,-22.865215146861466],[-43.11544968465483,-22.86483361218141],[-43.1154479120911,-22.864662355183476],[-43.115263694963176,-22.864559821678345],[-43.115021181981604,-22.864571285336506],[-43.11460741470006,-22.864661949589255],[-43.11412789168844,-22.864632780078676],[-43.11391613012495,-22.864564564702818],[-43.11364682993684,-22.864695766796135],[-43.113501131671505,-22.864977760015535],[-43.11386828169549,-22.86569589744764],[-43.11378306463632,-22.86603236709997],[-43.1139198497209,-22.8661624099672],[-43.113963674583545,-22.866470137286942],[-43.11396728985818,-22.866694576593346],[-43.11404334732225,-22.866788062019378],[-43.11406074470722,-22.86692863504837],[-43.11397988666204,-22.86716320701633],[-43.11380036669317,-22.86734664982798],[-43.1135957349548,-22.867722511584564],[-43.11325348535968,-22.868234525303055],[-43.11256294542323,-22.868202440190412],[-43.1124381518988,-22.86827741487074],[-43.1124113997659,-22.86850686969624],[-43.11233204178989,-22.868652270286002],[-43.112350430227764,-22.868954126831436],[-43.112414012296426,-22.869250549673076],[-43.112416817281876,-22.869447885211656],[-43.11239902239657,-22.869635634876584],[-43.11225566686517,-22.869747422405542],[-43.11231761216765,-22.870282939905707],[-43.11231589536192,-22.87040715966263],[-43.11232977729702,-22.870522006685217],[-43.11211039218045,-22.870724876651686],[-43.11219678735147,-22.87081669473461],[-43.11230036496948,-22.87078447472365],[-43.112397335268426,-22.870857301822955],[-43.11257911163631,-22.870763890141326],[-43.112819916805336,-22.87087665163611],[-43.1129603846137,-22.87116024744737],[-43.11303726225946,-22.87119460964343],[-43.11312511523152,-22.871554037188993],[-43.11309663460162,-22.87212233497773],[-43.11315145007898,-22.872233296929014],[-43.11327960706785,-22.872474936668922],[-43.113177550203375,-22.87261070012367],[-43.11294276239818,-22.872808610329034],[-43.11282802689152,-22.87296773187527],[-43.11276296993475,-22.873131410286284],[-43.112724766734225,-22.873283866956836],[-43.11268993509202,-22.873565385334224],[-43.11279986462165,-22.873819947432573],[-43.11289908502437,-22.873982804762562],[-43.11289621169044,-22.87419063179218],[-43.11284604480875,-22.874462409612452],[-43.11288944698998,-22.87480059517126],[-43.112915412216125,-22.875040234818904],[-43.11303560480894,-22.87504603184883],[-43.11309470195852,-22.87524742692714],[-43.113116124708995,-22.87556306198568],[-43.11277769543392,-22.87691612707752],[-43.11279759743081,-22.877341646699538],[-43.113056860285496,-22.87767842661803],[-43.11328511991194,-22.87788740028325],[-43.113170891622985,-22.878009494942177],[-43.11298957031204,-22.878003351673247],[-43.11271120675638,-22.878061382226957],[-43.11230175712,-22.877836711794746],[-43.111691950222955,-22.87749098721921],[-43.111612424973025,-22.877275012331864],[-43.11165136022168,-22.877136112041885],[-43.11159675698433,-22.876916441840226],[-43.11158551995537,-22.876676597147167],[-43.11143354712009,-22.876412764837177],[-43.11143810668288,-22.876149214914246],[-43.111363610441906,-22.87587674731399],[-43.11132983010719,-22.87570910019478],[-43.11129796712708,-22.875469009986748],[-43.11126432169072,-22.875225696608524],[-43.111242440285984,-22.87463689967311],[-43.11133921183477,-22.87428522967955],[-43.11133167731468,-22.874084445240882],[-43.11147082222026,-22.874090877192188],[-43.11147452203118,-22.87382332708481],[-43.1112581703279,-22.873433702103604],[-43.111259954582856,-22.87330470514795],[-43.1111533318604,-22.873183976559215],[-43.110856800200786,-22.873371592225148],[-43.110768291622996,-22.873059940263975],[-43.11047447231867,-22.872678952371675],[-43.110703314705795,-22.872165596864736],[-43.1107055621116,-22.872003155021545],[-43.11074926736443,-22.87192098486552],[-43.11114499694366,-22.87117692537473],[-43.11110970035201,-22.8707464450923],[-43.11115081196004,-22.870011049670133],[-43.11129067182667,-22.86847404534084],[-43.11136377501782,-22.868035294892863],[-43.11143608680554,-22.86802659665003],[-43.111492797154476,-22.867654549817562],[-43.11097206990472,-22.867275644755157],[-43.11076696242497,-22.866819255004522],[-43.1113993899695,-22.866578285259585],[-43.112253235098365,-22.866444520098444],[-43.11193530676859,-22.86585832220371],[-43.11159602223824,-22.865409895050536],[-43.111349161933894,-22.865522054898836],[-43.1110944721318,-22.865509066889878],[-43.110988714557145,-22.86532623022126],[-43.11080760728486,-22.865371861821906],[-43.11060561235876,-22.865436362098343],[-43.1103775101136,-22.865524445296817],[-43.11012510009288,-22.865665205384833],[-43.10992553513494,-22.865394835003574],[-43.10969677008949,-22.8651579697644],[-43.10979029688428,-22.865106516852205],[-43.10960745661844,-22.86506413540147],[-43.109282670058796,-22.864899789693464],[-43.109186035206946,-22.86505554237929],[-43.10896229737175,-22.86494854463954],[-43.10911551217077,-22.86468277159256],[-43.108992902200264,-22.86460008162837],[-43.109308652372015,-22.864140324816084],[-43.10941030993745,-22.863873936632825],[-43.10948910223987,-22.863397029749056],[-43.109625804586805,-22.86317924992235],[-43.10982447741729,-22.86300918002954],[-43.11002924225533,-22.862744020320214],[-43.11017952976112,-22.862569407052415],[-43.11022394457898,-22.862433749717727],[-43.11013655026118,-22.862321612352474],[-43.110018220164356,-22.862209107164496],[-43.109967472320584,-22.862208494726165],[-43.10988366180117,-22.862303070130547],[-43.109085466720494,-22.862821610229084],[-43.108407115295726,-22.8632149368198],[-43.10766968021118,-22.863557375272567],[-43.10759069995043,-22.863303177399672],[-43.107970382027126,-22.863195407142243],[-43.107894300281366,-22.862545826828374],[-43.107918170087075,-22.861625055052205],[-43.107766531799584,-22.860601862186158],[-43.10766580683116,-22.86033545961371],[-43.1075367649094,-22.860178480252593],[-43.10729611172581,-22.8599440072101],[-43.10662607003671,-22.859459382344575],[-43.1054416017481,-22.858423886752888],[-43.10470515681713,-22.85770909659747],[-43.10452136237056,-22.85747472158105],[-43.104290966854236,-22.857180922061815],[-43.103775022199144,-22.85646159033004],[-43.103484727337886,-22.85596117516801],[-43.10293704201051,-22.85641065183004],[-43.102076401604265,-22.857121934629536],[-43.10113656689865,-22.857966061684337],[-43.100463884800014,-22.85856779986401],[-43.10040544685351,-22.858476784875656],[-43.10039042997395,-22.858491477099943],[-43.10030292234158,-22.858577085364143],[-43.099604939615894,-22.858901442047827],[-43.099534514605786,-22.858934170175736],[-43.099470796739446,-22.858898551626766],[-43.09923359155662,-22.858831062003816],[-43.09879955715346,-22.858882856658433],[-43.0986771603223,-22.858862881816467],[-43.09850210009146,-22.858909101573683],[-43.09843811692517,-22.85895029681868],[-43.09813624509125,-22.859144657399924],[-43.097769672432015,-22.859382914789627],[-43.097344532323895,-22.85962923460145],[-43.09726131985364,-22.85967744725631],[-43.097097076668355,-22.859821229965725],[-43.09667575688027,-22.859953356562112],[-43.096564044894336,-22.86009650165218],[-43.09648425974038,-22.860228016709573],[-43.09631789685304,-22.86037667734169],[-43.096193876745616,-22.860487499898145],[-43.09605607542713,-22.86058680663573],[-43.0959357767143,-22.860618780232443],[-43.095763794862854,-22.860639657094424],[-43.09551122026622,-22.86059139227885],[-43.095321142256495,-22.86051226992524],[-43.09519361479309,-22.86046884526096],[-43.09454532500635,-22.86084025537341],[-43.094043512297816,-22.86092827202206],[-43.09381233167338,-22.860968819755136],[-43.09345276473292,-22.86104853656062],[-43.093430156675964,-22.861053550281078],[-43.09314897014846,-22.86112133488164],[-43.093009821645545,-22.861114519819157],[-43.092676790101365,-22.861285782213006],[-43.09252286034135,-22.861364942338167],[-43.092385370188275,-22.861435645238746],[-43.09228995032051,-22.861484714947583],[-43.09216351013745,-22.861549736830824],[-43.09211201495711,-22.861588815071713],[-43.09205714462112,-22.861630454581732],[-43.091943907384994,-22.861638311958448],[-43.09171520709074,-22.86165418229459],[-43.091708439692326,-22.861654649942047],[-43.091395849738284,-22.861676339791156],[-43.09136941686469,-22.86169458163957],[-43.0913493601844,-22.861708420407208],[-43.091346459870834,-22.861710424996065],[-43.09131700527516,-22.861719189788726],[-43.09126326988356,-22.86172251997827],[-43.091165769883986,-22.861726766576943],[-43.09110659719126,-22.861728495073894],[-43.09106153036489,-22.861730436710193],[-43.09104760975898,-22.86173103655806],[-43.0909870449158,-22.86174445174495],[-43.09098456458556,-22.861745000331407],[-43.09089346506093,-22.861758445195992],[-43.09085016720107,-22.861781764616676],[-43.09077353956681,-22.86179132171205],[-43.09074339519113,-22.861798105298227],[-43.090729356774,-22.861801267314576],[-43.090641877020595,-22.861837152062865],[-43.09064017460397,-22.86183784993674],[-43.0905946473247,-22.86185337673189],[-43.09056689244769,-22.861859365317372],[-43.09052555690848,-22.861860584798052],[-43.090507191852986,-22.861870929699574],[-43.0904873303256,-22.861892626743245],[-43.090486017315435,-22.861894064759188],[-43.09047969688006,-22.861908735399744],[-43.09047765721768,-22.861913466733064],[-43.09047109486473,-22.861922871843014],[-43.09043079534453,-22.86198184488618],[-43.09041668228363,-22.86200249511896],[-43.09040625014793,-22.862009865063133],[-43.09039495016642,-22.862024547394903],[-43.09034729958781,-22.86208645492591],[-43.090344206819246,-22.862090906569993],[-43.09033725236187,-22.862100922319627],[-43.09032969715739,-22.86211179692183],[-43.090328667433624,-22.86211320975676],[-43.09032379670546,-22.86211988542428],[-43.0903226572644,-22.86212145024464],[-43.09032236228679,-22.862121405278543],[-43.089997674652544,-22.862071099901286],[-43.08961943508845,-22.86199284539342],[-43.089202065122805,-22.861771116643666],[-43.08891512203481,-22.861764594760167],[-43.08843906231245,-22.86182980999766],[-43.088060820050394,-22.861895021637874],[-43.0879181596949,-22.86197555682642],[-43.087656494751016,-22.862123272271138],[-43.08755659715878,-22.86216189725369],[-43.087167386765046,-22.86231239160353],[-43.08687379678789,-22.862403267196928],[-43.086871306565136,-22.86240403521797],[-43.08633931530672,-22.862568700185278],[-43.08619067535894,-22.86261470680322],[-43.086071792179055,-22.86265150526268],[-43.0856752523106,-22.862836197232678],[-43.08561638718608,-22.862863612165924],[-43.08517776174388,-22.863067904859836],[-43.08511967003632,-22.863094960064267],[-43.08507790731917,-22.86310888156956],[-43.08474794965772,-22.863218866857128],[-43.08314368503263,-22.863629714939332],[-43.08283184241516,-22.863715969816067],[-43.08262094240212,-22.8637743052399],[-43.082530674750394,-22.86379927221859],[-43.0824189420801,-22.863831194553917],[-43.08225414041579,-22.863877506941297],[-43.08186847514959,-22.86398847159061],[-43.081708976787425,-22.864034042037343],[-43.081389665300385,-22.864133644651904],[-43.080998145447616,-22.864255769887823],[-43.080790599905825,-22.864335486693303],[-43.080241661822825,-22.864542710277792],[-43.080129601799236,-22.86459566235985],[-43.07964821539242,-22.864823132381588],[-43.07959645221406,-22.864843160283527],[-43.07934589030016,-22.864940111696715],[-43.078594569683226,-22.865230824742675],[-43.0783504568077,-22.865325276939902],[-43.078043951666594,-22.865370927426326],[-43.078020875062926,-22.865368195285924],[-43.07754832719309,-22.86531223497158],[-43.077362556936016,-22.86530969168885],[-43.077072264772774,-22.86530571488678],[-43.07704943728129,-22.865286150135642],[-43.07673794989603,-22.865366939832338],[-43.07630729964172,-22.865524160211784],[-43.07519307739818,-22.865742905011],[-43.07453001534748,-22.865783916794246],[-43.07411303478829,-22.865790755239082],[-43.073989992243916,-22.865818097327267],[-43.07376441169782,-22.865906960237947],[-43.07332009174837,-22.86613253988472],[-43.073074656869494,-22.866261982004772],[-43.07275606484006,-22.86638145513999],[-43.07251214172152,-22.866421279818127],[-43.07213878997271,-22.866456126748773],[-43.071785350113366,-22.86647105999138],[-43.07160116176374,-22.86651088466952],[-43.07148169222586,-22.866580576732165],[-43.071131269592,-22.866805636570785],[-43.070644835290466,-22.86718397506034],[-43.0706030366004,-22.867216484652975],[-43.06974873191802,-22.867705589940932],[-43.06966301483583,-22.86779004707294],[-43.069476079956694,-22.867974231825293],[-43.06930527711641,-22.868142521959754],[-43.06923304536831,-22.868242219902445],[-43.069177256824496,-22.868319217158078],[-43.06895457029673,-22.868558815436902],[-43.06895326987705,-22.86855959155181],[-43.068234500221585,-22.86898903491593],[-43.06803297024492,-22.869161534776904],[-43.06769176026608,-22.869259176869463],[-43.06713758183348,-22.869366955220734],[-43.06653576990941,-22.869687272149836],[-43.06623547009041,-22.86980449518123],[-43.06602209694175,-22.869843252364124],[-43.06596862685022,-22.86986536669323],[-43.06591055222974,-22.869878926671078],[-43.06584533699224,-22.869873712401816],[-43.065746106697006,-22.869841350298003],[-43.065638865240985,-22.869803655214444],[-43.06545050043978,-22.869769487271956],[-43.06530893006264,-22.86967873038904],[-43.06526231010706,-22.869647190265574],[-43.065144411684784,-22.869632571785672],[-43.065019437396685,-22.869651069940833],[-43.06498035735716,-22.869656855279597],[-43.06487180738752,-22.869718472329538],[-43.06479199705255,-22.86981484188137],[-43.064663951579675,-22.869890581884786],[-43.06449671724924,-22.86989856966321],[-43.06433590227963,-22.869907449569073],[-43.06407886524697,-22.86984381983636],[-43.06385995677111,-22.869750675253417],[-43.06382320507638,-22.86974480987502],[-43.06374436241195,-22.86977292538015],[-43.0637131919098,-22.86982013529095],[-43.06362172186452,-22.86981793734785],[-43.063403960024274,-22.86987073024991],[-43.06327406464594,-22.869843231679713],[-43.063174450340156,-22.869859891620617],[-43.06307831731003,-22.86987597509611],[-43.062915459980026,-22.86991904992417],[-43.06273150995075,-22.869896312364833],[-43.06261405489424,-22.86994671217096],[-43.06248871008545,-22.870065464949192],[-43.0622258220636,-22.870125742009325],[-43.06208617173898,-22.870133342179916],[-43.06186235476341,-22.870255766890047],[-43.06151309225496,-22.870263611676272],[-43.061463795017666,-22.87026975044856],[-43.06135982979183,-22.87028269529005],[-43.061186280422056,-22.8703923667143],[-43.06095325528802,-22.870497344576705],[-43.06082483209983,-22.870544631829237],[-43.06071307155057,-22.87053008529514],[-43.06063293026504,-22.870498587439812],[-43.060584517061365,-22.870476865215068],[-43.06052892007316,-22.8704531617839],[-43.06043545982815,-22.870426377275436],[-43.06025522220026,-22.870471585295345],[-43.0600529997457,-22.870781735388704],[-43.06004749679406,-22.87079169178307],[-43.0598592147305,-22.870957442232083],[-43.059788129618006,-22.87096207733791],[-43.05973553726475,-22.87096550465426],[-43.059609202302376,-22.87101661042815],[-43.05944420188795,-22.871093606784456],[-43.059284586613934,-22.87113455201788],[-43.05903705541531,-22.871039785057942],[-43.058732130383056,-22.87105448717474],[-43.058544881640536,-22.870989531841335],[-43.05836235973468,-22.870948744888587],[-43.05807248215885,-22.870809847296556],[-43.05798565980987,-22.87078223990838],[-43.05793551541124,-22.870772687309604],[-43.0577318468468,-22.870759272122633],[-43.05771323177973,-22.870759315290083],[-43.057478845072154,-22.870740741591913],[-43.057334055122084,-22.870650750032013],[-43.05723561712958,-22.870617582135626],[-43.05711959739105,-22.87064235216278],[-43.0570194201097,-22.87064925535876],[-43.056985557037336,-22.870659495039586],[-43.0568866073306,-22.870662530251508],[-43.05681951161071,-22.870672906629263],[-43.05671164962249,-22.87074753237263],[-43.05662695237149,-22.870913100259298],[-43.05652726701928,-22.870974457405197],[-43.05636349507879,-22.870992505000025],[-43.05624332496902,-22.870993835097334],[-43.056112204714026,-22.87099756008925],[-43.05591344464929,-22.87100903543856],[-43.055750859813855,-22.871087504884347],[-43.05563959658966,-22.871161181843004],[-43.055546791950434,-22.871184156823322],[-43.0553960170121,-22.871199652142177],[-43.055311919608954,-22.87122697714321],[-43.055173985190805,-22.871278296955754],[-43.055008812106536,-22.871326211935042],[-43.05488788027097,-22.87130568041274],[-43.05479013025982,-22.871251659936057],[-43.054670487152784,-22.871229696693064],[-43.05456716044566,-22.871163690052157],[-43.054346126871756,-22.87114463971327],[-43.0542020968488,-22.871227037397805],[-43.05407188670776,-22.871283325065317],[-43.05396196167473,-22.87125615474767],[-43.05379253030056,-22.871131184956173],[-43.05374703179958,-22.871116811991183],[-43.0536784351112,-22.87110278976186],[-43.05366944728669,-22.871104484983935],[-43.05362113210909,-22.87112357669165],[-43.053615471776105,-22.871129610243234],[-43.05356443525002,-22.871184017428362],[-43.05351835668633,-22.871278537074744],[-43.05350944980077,-22.871623282288596],[-43.053498569802706,-22.871989944879967],[-43.05349017463137,-22.872018285215596],[-43.05334478483345,-22.872284874846994],[-43.05327155663658,-22.872369945316652],[-43.05313053484584,-22.87259658526413],[-43.05307159687621,-22.872731944923224],[-43.05299953689862,-22.87281720694844],[-43.052879647377345,-22.872908114917518],[-43.05274066974564,-22.873148507297717],[-43.0526419196884,-22.873499465028235],[-43.05256931472163,-22.87385498501945],[-43.05254020006973,-22.87404389660847],[-43.05148558039476,-22.87357304486009],[-43.04985772475369,-22.872832409987634],[-43.048854665010325,-22.872394104704117],[-43.04857264660986,-22.872294555149526],[-43.04803489159646,-22.872191865162364],[-43.04740240469671,-22.872187302002295],[-43.046267429697664,-22.87227265485908],[-43.045139685247776,-22.872335666757547],[-43.04419897730049,-22.87237214505839],[-43.04381573210988,-22.87234180732847],[-43.043561119649446,-22.872282331564264],[-43.04349316237905,-22.872540917229482],[-43.04341369198779,-22.872642010020666],[-43.043291654885486,-22.872696269717004],[-43.042916824651236,-22.87276333216195],[-43.04256591728279,-22.872791366728137],[-43.04227302697814,-22.872707624557137],[-43.04194966494459,-22.872549457191635],[-43.041635539847796,-22.872519964824416],[-43.04135957478406,-22.872576911695067],[-43.0411931417496,-22.8727579452229],[-43.04091441486788,-22.87291145679823],[-43.040617154757406,-22.873105345235412],[-43.04021225658989,-22.873470690320037],[-43.040104512412825,-22.87379190657115],[-43.0398503469155,-22.874433869627328],[-43.03971922036522,-22.874587554771757],[-43.03948531659359,-22.87471607688539],[-43.039136090058044,-22.87479539529116],[-43.03874699477752,-22.874957841631016],[-43.03846170014686,-22.87507378492715],[-43.038239654835714,-22.87527412959733],[-43.03809374702831,-22.875559036620167],[-43.037755004789126,-22.875805729650633],[-43.03742326736938,-22.875946174975894],[-43.036937271937056,-22.87618985707618],[-43.03665180463656,-22.87631774157043],[-43.03567906193865,-22.87674889184782],[-43.03518595736556,-22.87694472731724],[-43.034978341676606,-22.877037729807313],[-43.034692354567994,-22.877201442392586],[-43.03453750210355,-22.877211475229302],[-43.03434449500195,-22.877185195240525],[-43.03418446514046,-22.8770708572342],[-43.03379265210872,-22.87668257224286],[-43.03338060523025,-22.87629043185788],[-43.03316967194228,-22.87616454655651],[-43.032616757057205,-22.87599609994001],[-43.032391406737524,-22.875923961721387],[-43.03170641471876,-22.875730379953016],[-43.03108283470453,-22.875549869830568],[-43.031018820061995,-22.875531336601828],[-43.03059944460818,-22.87540729670931],[-43.030376464901444,-22.87534134492708],[-43.0303730249946,-22.875340559818902],[-43.03036958238981,-22.875339777408747],[-43.03036614158366,-22.875339004891114],[-43.03036269718023,-22.875338236870075],[-43.03035925187748,-22.875337476942914],[-43.030355806574725,-22.875336725109683],[-43.03035235677531,-22.87533597687375],[-43.03034890967392,-22.875335234933086],[-43.03034545987457,-22.875334501985574],[-43.0303420073772,-22.87533377533341],[-43.03033855487989,-22.875333054976434],[-43.03033509968456,-22.875332340015436],[-43.030331641791335,-22.87533163224894],[-43.03032818479737,-22.875330929878462],[-43.030324725105444,-22.875330237400444],[-43.03032126721222,-22.87532954672113],[-43.03031780482233,-22.875328866833645],[-43.03031434243245,-22.875328192342163],[-43.03031087734461,-22.875327525045154],[-43.03030741225676,-22.875326862244798],[-43.03030394716892,-22.875326206639077],[-43.030300480282435,-22.875325557328516],[-43.03029700979867,-22.87532491701122],[-43.03029354021418,-22.87532428029121],[-43.03029006703245,-22.875323651665123],[-43.03028659475005,-22.875323030233602],[-43.03028312156828,-22.875322415097312],[-43.030279622306224,-22.875321801759664],[-43.030276120346166,-22.875321194717323],[-43.03027261658745,-22.8753205966681],[-43.030269111929485,-22.87532000491424],[-43.030265609969426,-22.875319416757602],[-43.03026210171412,-22.875318836694902],[-43.03025859525745,-22.875318264726072],[-43.03025508700215,-22.875317699951815],[-43.0302515769482,-22.87531713967419],[-43.03024806689426,-22.875316584792497],[-43.030244555041676,-22.875316039803327],[-43.03024104498773,-22.875315500210124],[-43.03023753043719,-22.875314966912093],[-43.030234014987265,-22.875314441708067],[-43.03023050043673,-22.8753139218999],[-43.03022698498687,-22.875313410185676],[-43.030223466839,-22.875312904766666],[-43.03021994689253,-22.875312407441548],[-43.03021642694601,-22.87531191461309],[-43.03021290969751,-22.875311429878504],[-43.030209387053034,-22.875310949640518],[-43.030205865307934,-22.875310476597143],[-43.03020234176414,-22.87531001524494],[-43.03019881732108,-22.875309554792043],[-43.03019529467661,-22.875309105131034],[-43.03019176663621,-22.875308659966635],[-43.03018824219309,-22.87530822019815],[-43.03018471505208,-22.87530779032219],[-43.03018118521304,-22.875307364942863],[-43.03017765717265,-22.875306946758112],[-43.030174127333616,-22.875306536667235],[-43.030170596595255,-22.87530613197234],[-43.03016706495758,-22.875305735371313],[-43.030163532420595,-22.87530534506552],[-43.030159999883594,-22.875304960155713],[-43.0301564673466,-22.875304585138426],[-43.0301529321116,-22.875304211919765],[-43.03014939687664,-22.875303850392324],[-43.030145861641685,-22.87530349156279],[-43.03014232730606,-22.875303141726555],[-43.03013879027247,-22.875302799984155],[-43.03013525233949,-22.875302461839095],[-43.03013171170861,-22.875302131787898],[-43.03012817467503,-22.87530180983058],[-43.03012463494342,-22.875301492369918],[-43.03012109521187,-22.875301184801767],[-43.03011755188299,-22.87530088173023],[-43.03011401215143,-22.875300586752612],[-43.03011046972186,-22.87530029717092],[-43.03010692999031,-22.875300014783786],[-43.030103384862784,-22.875299739591213],[-43.03009984243327,-22.875299471593245],[-43.030096297305754,-22.87529920989053],[-43.030092754876236,-22.875298951785144],[-43.030089209748716,-22.875298707169545],[-43.03008566192322,-22.875298465251916],[-43.030082116795754,-22.875298229629518],[-43.03007857166823,-22.875298002101054],[-43.03007502474207,-22.87529778176716],[-43.03007147691664,-22.87529756682918],[-43.030067929990466,-22.875297359985133],[-43.03006438216499,-22.87529716033563],[-43.03006083523887,-22.875296965182745],[-43.030057284715426,-22.875296779922362],[-43.0300537350913,-22.875296600057965],[-43.030050187265815,-22.875296424690163],[-43.03004663674238,-22.875296260114254],[-43.030043087118244,-22.87529610003488],[-43.0300395365948,-22.87529594715019],[-43.03003598517209,-22.875295799661362],[-43.030032437346605,-22.87529566026646],[-43.03002888502452,-22.875295527166806],[-43.03002533180312,-22.87529540216101],[-43.03002178217899,-22.87529528165183],[-43.03001822985691,-22.875295170135903],[-43.0300146766355,-22.87529506491527],[-43.03001112521274,-22.875294966889122],[-43.030007571991334,-22.87529487515829],[-43.03000401966925,-22.875294789722687],[-43.030000467347165,-22.875294712381017],[-43.02999691502508,-22.875294642233857],[-43.029993361803676,-22.875294576583343],[-43.02998980678363,-22.87529451992609],[-43.0299862571595,-22.87529446686605],[-43.02998270213946,-22.875294424597982],[-43.02997914981738,-22.875294386826422],[-43.029975594797335,-22.87529435714882],[-43.02997204157593,-22.87529433196775],[-43.029968486555894,-22.875294316679316],[-43.02996493513312,-22.875294306786742],[-43.02996138011308,-22.87529430498811],[-43.029957826891675,-22.875294306786746],[-43.02995427187163,-22.875294316679323],[-43.0299507222475,-22.875294334665707],[-43.02994716722746,-22.87529435984678],[-43.02994361490538,-22.87529439222235],[-43.029940059885334,-22.87529442729593],[-43.02993650666393,-22.875294472262027],[-43.029932955241165,-22.875294521724733],[-43.02992940022112,-22.875294580180675],[-43.02992584699972,-22.875294646730506],[-43.02992229467763,-22.87529471687761],[-43.02991874235555,-22.87529479691724],[-43.02991519003346,-22.875294882352843],[-43.02991163681206,-22.87529497498306],[-43.029908085389295,-22.875295074807784],[-43.02990453216789,-22.87529518002848],[-43.029900979845806,-22.875295292443727],[-43.02989743022174,-22.875295412053532],[-43.02989387700033,-22.875295537059312],[-43.02989032737621,-22.87529567195762],[-43.02988677505412,-22.875295812251842],[-43.02988322722864,-22.875295959740665],[-43.02987967490655,-22.8752961117261],[-43.02987612708107,-22.875296271805407],[-43.02987257655763,-22.87529643997865],[-43.029869026933554,-22.875296611749167],[-43.02986547730942,-22.87529679521085],[-43.02986192678598,-22.875296982269816],[-43.02985837985982,-22.875297174724743],[-43.02985483203433,-22.8752973770722],[-43.02985128510822,-22.875297584815623],[-43.029847737282736,-22.87529779975361],[-43.02984419215521,-22.875298021886152],[-43.0298406452291,-22.875298250313925],[-43.029837100101574,-22.875298485036996],[-43.02983355497405,-22.87529872695463],[-43.02983000984658,-22.87529897516751],[-43.02982646471905,-22.875299232373575],[-43.02982291959158,-22.875299492277666],[-43.02981937716201,-22.87529976207426],[-43.0298158347325,-22.8753000399648],[-43.029812292302935,-22.875300319653977],[-43.02980874987337,-22.875300610134982],[-43.02980521014182,-22.875300906911235],[-43.029801666812986,-22.875301209982776],[-43.02979812977934,-22.875301520248883],[-43.029794590047786,-22.875301836810227],[-43.029791050316234,-22.87530215966686],[-43.02978751238326,-22.87530248971805],[-43.02978397534967,-22.875302826963804],[-43.02978043741676,-22.875303172303493],[-43.02977690218175,-22.87530352213977],[-43.02977336514816,-22.87530388006994],[-43.02976982991321,-22.875304241597377],[-43.02976629737621,-22.87530461481603],[-43.02976276483922,-22.875304991631964],[-43.029759232302226,-22.87530537744115],[-43.02975569976523,-22.875305766847553],[-43.02975216722824,-22.87530616524728],[-43.029748637389204,-22.87530656994218],[-43.02974510665085,-22.8753069818317],[-43.029741576811816,-22.875307400016393],[-43.02973804967074,-22.875307825395765],[-43.029734521630346,-22.875308257070316],[-43.029730997187286,-22.875308695040165],[-43.02972747004622,-22.875309142003204],[-43.029723947401735,-22.875309591664255],[-43.0297204220593,-22.875310052117165],[-43.0297169003142,-22.875310517066644],[-43.0297133767704,-22.875310990110027],[-43.02970985682394,-22.875311470348006],[-43.029706336877425,-22.875311955082594],[-43.02970284480993,-22.875312445213094],[-43.02969935723904,-22.875312939840253],[-43.02969586697019,-22.87531343986327],[-43.02969238029861,-22.87531394977887],[-43.0296888918284,-22.875314465090437],[-43.029685406955466,-22.875314986697184],[-43.02968192478049,-22.87531551459924],[-43.029678439907556,-22.875316049695833],[-43.02967495683326,-22.87531659198705],[-43.029671474658336,-22.875317139674195],[-43.02966799518133,-22.875317694555886],[-43.02966451660363,-22.87531825483351],[-43.02966103712667,-22.87531882500368],[-43.029657560347616,-22.87531939967048],[-43.02965408176992,-22.875319979733174],[-43.02965060678956,-22.875320566990492],[-43.02964713540648,-22.875321162341688],[-43.0296436622247,-22.875321764887445],[-43.0296401899423,-22.875322371929855],[-43.02963672035786,-22.875322985267506],[-43.029633249874095,-22.875323604900384],[-43.029629782088236,-22.875324231727827],[-43.02962631520175,-22.87532487024648],[-43.02962285011391,-22.87532550966446],[-43.029619385026066,-22.875326157176318],[-43.02961592173686,-22.875326810084143],[-43.02961246024635,-22.875327470186534],[-43.02960899695715,-22.875328136584166],[-43.029605539963185,-22.875328811975038],[-43.0296020820699,-22.87532949186246],[-43.02959862507599,-22.875330179843868],[-43.029595169880665,-22.87533087232183],[-43.029591714685395,-22.87533157199439],[-43.02958826218803,-22.87533227706288],[-43.02958480969072,-22.875332990225257],[-43.0295813598913,-22.875333709682906],[-43.02957791009196,-22.87533443723444],[-43.029574464789206,-22.87533517018189],[-43.029571016788495,-22.875335906726633],[-43.02956757238506,-22.87533665496258],[-43.02956412978027,-22.87533740679581],[-43.02956068717547,-22.875338164924273],[-43.02955724726864,-22.875338930247352],[-43.02955381005977,-22.875339701865666],[-43.02955037195157,-22.875340481577865],[-43.029546934742754,-22.87534126668603],[-43.02954350023184,-22.875342059888077],[-43.02954007021758,-22.875342854888764],[-43.02953663660598,-22.875343661580672],[-43.02953320659172,-22.87534447186979],[-43.029529780174684,-22.87534529025285],[-43.02952635195906,-22.875346114931197],[-43.02952292734072,-22.875346945005404],[-43.02951950182306,-22.87534778227425],[-43.02951607990268,-22.875348626737633],[-43.029512659780934,-22.875349476597002],[-43.02950924235715,-22.875350331852285],[-43.029505824933366,-22.875351197000075],[-43.02950241020754,-22.875352066644464],[-43.02949899728041,-22.875352941684834],[-43.02949558525255,-22.875353824819083],[-43.02949217232536,-22.875354715147896],[-43.02948876479415,-22.87535560997335],[-43.02948535726294,-22.875356511993374],[-43.029481952429634,-22.87535742030863],[-43.02947855029434,-22.875358336717763],[-43.02947514725973,-22.87535925672424],[-43.02947174692308,-22.87536018662322],[-43.029468350183706,-22.87536112011955],[-43.02946495164569,-22.875362061709694],[-43.02946155670495,-22.875363009595137],[-43.029458165361504,-22.875363961977172],[-43.02912793970215,-22.875474791728173],[-43.0287977122441,-22.875585622378505],[-43.02851498517792,-22.875700974820035],[-43.02823225721236,-22.875816327261614],[-43.02809566008612,-22.87587877168787],[-43.02791560232269,-22.875961084836113],[-43.02791245469551,-22.87596381697651],[-43.02790931156498,-22.87596655181485],[-43.027906174729694,-22.87596929744503],[-43.027903039693044,-22.875972044873922],[-43.02789991005231,-22.875974796799344],[-43.02789678490818,-22.875977555020054],[-43.02789366516002,-22.875980316838064],[-43.02789054990846,-22.875983084951347],[-43.02788743735486,-22.875985856661856],[-43.027884330197175,-22.875988634667664],[-43.02788122663678,-22.875991419868075],[-43.02787813027099,-22.875994206867098],[-43.02787503480452,-22.875997000161338],[-43.02787194743193,-22.875999799750865],[-43.02786886185798,-22.87600260203837],[-43.02786578167995,-22.876005409721785],[-43.02786270689789,-22.876008221901866],[-43.027859634813794,-22.876011042175794],[-43.02785656992425,-22.87601386514771],[-43.02785350683335,-22.876016689918256],[-43.02785045003775,-22.876019524581324],[-43.02784739683936,-22.87602236194241],[-43.027844349936274,-22.876025204699346],[-43.027841304831824,-22.87602805195294],[-43.02783826692198,-22.876030904602516],[-43.02783523171006,-22.87603376174863],[-43.0278322018941,-22.876036625190043],[-43.02782917657474,-22.876039492228728],[-43.0278261566513,-22.876042361965375],[-43.02782314212378,-22.876045239795904],[-43.02782013029427,-22.876048122123077],[-43.027817124760006,-22.876051009846176],[-43.0278141219237,-22.876053902065884],[-43.027811127181266,-22.876056796983537],[-43.027808135136794,-22.87605969999507],[-43.02780514489102,-22.87606260480529],[-43.0278021618398,-22.876065516810083],[-43.027799185083815,-22.876068429714188],[-43.02779621192512,-22.876071351611497],[-43.02779324236375,-22.876074277106138],[-43.02779027999689,-22.876077209795344],[-43.027787320328045,-22.8760801451825],[-43.02778436515579,-22.87608308236829],[-43.02778141537952,-22.87608602674866],[-43.02777847009978,-22.876088974726336],[-43.02777553021603,-22.876091929898596],[-43.027772594828875,-22.87609488686948],[-43.027769664837635,-22.876097851934244],[-43.02776673664509,-22.87610082239499],[-43.02776381744569,-22.8761037946543],[-43.02776090004498,-22.876106772309615],[-43.02775798983883,-22.876109755360833],[-43.0277550823307,-22.876112742009383],[-43.02775218021843,-22.87611573495312],[-43.027749285300764,-22.87611872969555],[-43.02774639218175,-22.87612172983391],[-43.027743505357975,-22.876124737166798],[-43.027740622131475,-22.876127747197735],[-43.02773774520027,-22.8761307617252],[-43.02773487186634,-22.8761337852459],[-43.027732004827655,-22.87613680966594],[-43.027729142285565,-22.876139836783935],[-43.02772628513945,-22.876142871995878],[-43.02772342979191,-22.87614590990571],[-43.027720581639,-22.8761489523122],[-43.02771773978138,-22.876152000114622],[-43.0277149024203,-22.876155052413676],[-43.02771206685785,-22.876158110108598],[-43.027709240288665,-22.87616116960223],[-43.02770641731682,-22.87616423718973],[-43.02770359704287,-22.876167306575866],[-43.027700784862795,-22.876170382257236],[-43.02769797717938,-22.87617346243526],[-43.02769517219393,-22.876176547109914],[-43.02769237530235,-22.87617963178448],[-43.02768958020947,-22.876182729948958],[-43.02768679231109,-22.87618582721408],[-43.02768400980868,-22.876188927177193],[-43.027681230004234,-22.876192035234137],[-43.027678457394394,-22.87619514688842],[-43.02767569018043,-22.876198262140036],[-43.027672924765156,-22.876201380089558],[-43.02767016744375,-22.876204507032323],[-43.027667404726444,-22.876207646565568],[-43.02766464470709,-22.87621079239405],[-43.02766189188229,-22.876213941819877],[-43.02765914175544,-22.876217096641625],[-43.027656399722545,-22.876220255060645],[-43.02765366218624,-22.876223419774906],[-43.02765093004585,-22.876226587187162],[-43.02764820240212,-22.876229759995372],[-43.02764548015425,-22.876232934602196],[-43.02764276240303,-22.87623611460495],[-43.02764005004774,-22.876239300003608],[-43.027637344887054,-22.87624248989893],[-43.02763464242427,-22.876245685190124],[-43.02763194535747,-22.87624888228001],[-43.027629251887944,-22.876252084765813],[-43.02762656741167,-22.87625529174826],[-43.02762388743194,-22.876258505025902],[-43.02762121015023,-22.87626172010223],[-43.027618540063074,-22.87626493967517],[-43.027615875371836,-22.876268164644017],[-43.027613215177254,-22.876271395008786],[-43.02761056037853,-22.87627462717225],[-43.02760791007647,-22.876277864731573],[-43.02760526517032,-22.876281106787555],[-43.02760262655947,-22.87628435244082],[-43.02759999514318,-22.876287601691416],[-43.027597364626146,-22.87629085723719],[-43.02759474220311,-22.876294117279624],[-43.02759212517593,-22.876297380020013],[-43.02758950994739,-22.87630064725701],[-43.027586901913466,-22.876303919889917],[-43.02758430197342,-22.87630719522079],[-43.02758170473139,-22.87631047504831],[-43.02757911468386,-22.876313756674477],[-43.02757652733435,-22.87631704729384],[-43.02757394717939,-22.87632033971183],[-43.02757137242041,-22.876323634827795],[-43.02756880215797,-22.876326937138373],[-43.02756623729151,-22.876330242146906],[-43.02756367692164,-22.876333551652042],[-43.0275611219477,-22.876336864754457],[-43.02755857506769,-22.87634018505141],[-43.02755603178495,-22.87634350534845],[-43.02755349479745,-22.876346831940655],[-43.027550962306556,-22.876350160331558],[-43.027548435211585,-22.876353495017693],[-43.02754591531122,-22.87635683509981],[-43.02754339990746,-22.876360175181873],[-43.02754088720165,-22.876363521559224],[-43.02753838169046,-22.87636687243313],[-43.02753588157519,-22.876370226904353],[-43.02753338685578,-22.87637358497286],[-43.02753090023036,-22.876376950235997],[-43.027528417202156,-22.87638031459974],[-43.02752593687198,-22.87638368525879],[-43.02752346463568,-22.87638706221306],[-43.02752099959393,-22.876390440066665],[-43.0275185372502,-22.876393822416873],[-43.027516082100966,-22.876397206565773],[-43.02751363234772,-22.876400599707864],[-43.02751118709112,-22.876403994648534],[-43.027508747230385,-22.876407392287238],[-43.027506311866304,-22.876410795321853],[-43.0275038845961,-22.876414201953793],[-43.027501461822496,-22.876417612182962],[-43.02749904534413,-22.876421026908787],[-43.02749663156378,-22.87642444523189],[-43.027494226776625,-22.876427867152277],[-43.027491824687424,-22.876431291770615],[-43.02748942979285,-22.87643472178493],[-43.02748704209283,-22.87643815719511],[-43.02748465709077,-22.8764415953033],[-43.02748228018258,-22.876445037008775],[-43.02747990687167,-22.876448482311524],[-43.027477539856065,-22.87645193211087],[-43.02747517733705,-22.876455384608253],[-43.0274728220126,-22.876458841602147],[-43.02747047208412,-22.87646230489136],[-43.02746812665223,-22.876465767281246],[-43.027465786616276,-22.87646923686569],[-43.02746345467419,-22.876472710047462],[-43.027461127228705,-22.876476185027826],[-43.027458805179194,-22.876479665404162],[-43.02745648672696,-22.876483146679817],[-43.02745417726793,-22.876486635150023],[-43.02745187230555,-22.876490127217522],[-43.02744957183977,-22.876493621982974],[-43.027447276769905,-22.876497120345764],[-43.02744498979392,-22.876500622305826],[-43.02744271001255,-22.876504129661754],[-43.02744043202982,-22.876507637017742],[-43.02743816214097,-22.876511149769698],[-43.027435894950074,-22.876514669716155],[-43.02743363495379,-22.876518189662672],[-43.027431382152066,-22.87652171500505],[-43.02742913474627,-22.876525242146126],[-43.02742689003843,-22.876528774683127],[-43.02742465522316,-22.87653230991807],[-43.02742242220653,-22.87653584695172],[-43.027420197283774,-22.876539390280552],[-43.02741797685762,-22.87654293720672],[-43.02741576722336,-22.876546486830858],[-43.02741355668978,-22.87655004005225],[-43.02741135514939,-22.87655359507229],[-43.02740915990431,-22.876557157286893],[-43.02740696735712,-22.87656072219952],[-43.02740478470257,-22.876564287112068],[-43.027402604745916,-22.876567860118573],[-43.02740043018518,-22.8765714349237],[-43.02739826191974,-22.876575012426795],[-43.02739610174818,-22.876578595325864],[-43.0273939451739,-22.876582180023515],[-43.02739179489491,-22.87658577011715],[-43.02738965181048,-22.87658936021072],[-43.02738751232333,-22.876592956599577],[-43.02719207705222,-22.876837847388657],[-43.02691587726541,-22.877159849647253],[-43.0266563122385,-22.877439146699174],[-43.0263518395652,-22.877775846577975],[-43.0261844397596,-22.877988666643578],[-43.025945901781405,-22.878257177226857],[-43.02590654475072,-22.87830281242478],[-43.02566125016606,-22.87864468160668],[-43.02558443187551,-22.878751744996947],[-43.02558140475751,-22.878755961918017],[-43.0252376074291,-22.87911785540464],[-43.02479429022382,-22.87958831504861],[-43.0247772345812,-22.87960210974947],[-43.02476395159457,-22.87961285215133],[-43.024763361639295,-22.879613329691352],[-43.02465604014365,-22.879700134953197],[-43.024486681614555,-22.87983711519067],[-43.02420119722698,-22.880042307206644],[-43.024177304938156,-22.8800594797611],[-43.024052411589004,-22.880149244691804],[-43.02374335507128,-22.88034498213514],[-43.02372967188635,-22.880353647103078],[-43.023645284901455,-22.8804070920136],[-43.02346564532278,-22.88050974512853],[-43.023296964882526,-22.880606131767507],[-43.023246305172314,-22.880633806604838],[-43.02323328478772,-22.880640920242207],[-43.023142109720055,-22.88069073009305],[-43.023036829685424,-22.880748241737905],[-43.02302518166627,-22.880754607139327],[-43.02297918044432,-22.880779736895278],[-43.02288772658679,-22.880829696932913],[-43.02280841177825,-22.8808730271684],[-43.02269531663504,-22.880936500419097],[-43.02269057001328,-22.880939162412314],[-43.022365094572905,-22.881121827310405],[-43.02236063213692,-22.881124302244668],[-43.0223561723989,-22.881126781675533],[-43.02235171715748,-22.881129270099645],[-43.02234726191605,-22.881131762121043],[-43.02234281207061,-22.881134262236305],[-43.0223383667217,-22.881136765049604],[-43.02233392497013,-22.881139276856082],[-43.022329485017195,-22.881141794957813],[-43.0223250468629,-22.881144314858176],[-43.02232061500385,-22.88114684465111],[-43.022316184943435,-22.881149379839904],[-43.02231175668172,-22.881151916827402],[-43.02230733471518,-22.881154464606794],[-43.0223029172453,-22.88115701508408],[-43.02229849977542,-22.881159571856674],[-43.022294086802134,-22.881162136723127],[-43.02228967742613,-22.88116470518693],[-43.02228527164746,-22.881167279945906],[-43.022280870365336,-22.88116986189951],[-43.022276469982586,-22.88117245014839],[-43.022272074995755,-22.881175044692466],[-43.02226768180757,-22.881177641934556],[-43.02226329491461,-22.881180247270517],[-43.022258909820295,-22.88118285710308],[-43.022254527423996,-22.881185475029582],[-43.02225014682628,-22.881188094754723],[-43.02224577522182,-22.881190721674407],[-43.02224140181872,-22.881193356687984],[-43.022237034710855,-22.88119599709754],[-43.02223267209959,-22.881198642003618],[-43.02222831218634,-22.881201295003706],[-43.022223954971,-22.88120394980237],[-43.02221959685639,-22.881206611795648],[-43.022215252231575,-22.881209281882807],[-43.0222109049088,-22.881211957365878],[-43.02220656028399,-22.881214637345547],[-43.02220222195447,-22.881217321821882],[-43.02219788722218,-22.881220015291404],[-43.0221935551879,-22.881222712358205],[-43.02218922495226,-22.88122541482099],[-43.022184900112535,-22.881228125377582],[-43.02218057976941,-22.881230840430838],[-43.02217626212425,-22.881233559980757],[-43.0221719471771,-22.88123628672516],[-43.02216763672655,-22.88123901976488],[-43.02216332987322,-22.881241757301176],[-43.02215902661723,-22.8812445002334],[-43.022154726958576,-22.881247250360243],[-43.02215043179646,-22.881250004983684],[-43.02214614023168,-22.88125276500304],[-43.02214185226413,-22.881255532216954],[-43.02213756699459,-22.881258302128884],[-43.022133285322326,-22.881261081933328],[-43.022129007247344,-22.881263865335058],[-43.02212473456834,-22.88126665503202],[-43.02212046458723,-22.881269450124957],[-43.0221162000021,-22.8812722497145],[-43.02211193721562,-22.881275057397904],[-43.02210767712708,-22.881277866879962],[-43.02210342243447,-22.881280687153925],[-43.022099172238455,-22.881283510125822],[-43.02209492474046,-22.881286336695013],[-43.02209067994042,-22.881289172257397],[-43.02208643963698,-22.88129201231644],[-43.02208220472946,-22.881294856872064],[-43.022077971620575,-22.88129771221954],[-43.02207374480693,-22.88130056666777],[-43.022069519791984,-22.881303430109117],[-43.022065296575676,-22.881306299845765],[-43.02206107965455,-22.881309174978384],[-43.022056867230134,-22.881312051909582],[-43.0220526566043,-22.881314936934725],[-43.02204845227371,-22.881317830053742],[-43.02204424974181,-22.881320724971395],[-43.02204005170652,-22.881323627083674],[-43.02203585996645,-22.881326534591803],[-43.02203167002503,-22.881329450193874],[-43.02202748188225,-22.88133236669531],[-43.02202330003476,-22.8813352921899],[-43.022019121784496,-22.881338222181135],[-43.02201494713157,-22.88134115666898],[-43.02201077697524,-22.88134410015001],[-43.022006610416184,-22.88134704722838],[-43.02200244655515,-22.88134999700467],[-43.021998289888614,-22.881352954874867],[-43.021994135020776,-22.881355919939697],[-43.02198998195158,-22.8813588868031],[-43.02198583517762,-22.88136186176044],[-43.021981692000935,-22.88136484031505],[-43.02197755511955,-22.881367826963558],[-43.0219734200368,-22.881370817209387],[-43.021969286752636,-22.881373814649773],[-43.02196515976377,-22.881376816586762],[-43.02196103727155,-22.881379822121023],[-43.0219569201752,-22.881382836648484],[-43.02195280487754,-22.881385854773296],[-43.02194869227779,-22.88138888009265],[-43.02194458507401,-22.881391909908615],[-43.02194048236683,-22.88139494242259],[-43.021936385055625,-22.881397982131116],[-43.02193228684504,-22.881401029933524],[-43.021928196728396,-22.881404080433896],[-43.02192411200761,-22.881407137229505],[-43.0219200299849,-22.881410196723124],[-43.02191594976077,-22.88141326700858],[-43.021911874932556,-22.881416339991997],[-43.02190780729896,-22.881419416572754],[-43.021903739665305,-22.881422502146698],[-43.021899677427626,-22.88142559221725],[-43.021895619686546,-22.881428684985757],[-43.02189156464348,-22.881431784948827],[-43.02188751499628,-22.88143489030787],[-43.02188346984573,-22.881438000163516],[-43.021879427393145,-22.88144111721371],[-43.021875390336476,-22.88144423965989],[-43.021871356877085,-22.881447364803964],[-43.02186732971299,-22.881450497142648],[-43.0218633052468,-22.88145363487727],[-43.02185928167998,-22.881456779806477],[-43.02185526710636,-22.881459927433603],[-43.0218512552307,-22.88146307955739],[-43.021847246952376,-22.88146623977504],[-43.021843242271274,-22.881469405388682],[-43.02183924208683,-22.881472571901586],[-43.0218352472983,-22.881475750105693],[-43.02183125700637,-22.881478930108443],[-43.021827270311775,-22.88148211460785],[-43.0218232872144,-22.881485307201064],[-43.02181930681505,-22.881488501592997],[-43.02181533181161,-22.881491702280158],[-43.02181136490205,-22.881494910161877],[-43.02180739979113,-22.881498121640938],[-43.021803437378225,-22.881501340314536],[-43.02179948215982,-22.881504561686114],[-43.021795526941474,-22.881507790252236],[-43.021791579817005,-22.88151102511367],[-43.02178763539055,-22.88151426177367],[-43.02178369456132,-22.881517507426928],[-43.021779760027385,-22.881520754878835],[-43.02177582999005,-22.88152401042466],[-43.02177190175135,-22.881527266869828],[-43.02176797710993,-22.88153053500614],[-43.02176405966307,-22.881533802243126],[-43.021760146712865,-22.881537076674675],[-43.02175623735994,-22.88154036009948],[-43.02175233160429,-22.881543645322914],[-43.02174843214388,-22.881546935042966],[-43.021744537180126,-22.881550230158915],[-43.02174064491433,-22.88155353157017],[-43.02173675714508,-22.881556840175932],[-43.0217328747718,-22.881560149681068],[-43.02172899509654,-22.88156346728013],[-43.02172511991782,-22.88156678667778],[-43.02172125013507,-22.88157011506868],[-43.02171738484893,-22.88157344705686],[-43.0217135249587,-22.881576785340282],[-43.02170966686712,-22.881580127221042],[-43.02170581507076,-22.881583471799697],[-43.021701966871746,-22.88158682717025],[-43.02169812496797,-22.881590185238764],[-43.02169428666147,-22.881593546904615],[-43.02169045195225,-22.88159691486564],[-43.02168662173969,-22.88160029002128],[-43.02168279692299,-22.88160366697557],[-43.02167897660294,-22.88160705022514],[-43.021675159880175,-22.881610439769897],[-43.02167135035202,-22.881613832012675],[-43.02166754172313,-22.881617232349324],[-43.02166374028886,-22.881620635383943],[-43.02165994155254,-22.881624044713845],[-43.021656147312825,-22.881627456741647],[-43.021652360267666,-22.881630875064754],[-43.0216485750212,-22.881634299683093],[-43.02164479517066,-22.88163772969742],[-43.02164101981671,-22.881641162409636],[-43.021637249858685,-22.881644602316467],[-43.021633485296576,-22.881648044921263],[-43.02162972163384,-22.88165149472061],[-43.02162596516561,-22.88165494991594],[-43.021622212294716,-22.88165840690985],[-43.021618464819795,-22.881661870199054],[-43.021614721841416,-22.881665339783545],[-43.02161098515833,-22.881668814763916],[-43.02160725027383,-22.881672292442293],[-43.021603519885986,-22.881675777315223],[-43.021599794894115,-22.881679264886113],[-43.021596075298106,-22.881682759651564],[-43.021306561947746,-22.88197227210262],[-43.02119598490626,-22.88210612989391],[-43.021059027151836,-22.882271921711748],[-43.021001480433455,-22.882341582298093],[-43.020973227332064,-22.882375785314164],[-43.020963590197,-22.882387450420445],[-43.02096276731734,-22.882388446869275],[-43.020846545231365,-22.882550084718588],[-43.02063660659357,-22.882842070305195],[-43.020569209600836,-22.88293580664211],[-43.02036564715635,-22.883211750122115],[-43.020326114757864,-22.883264189590612],[-43.02031338665293,-22.883281071664065],[-43.020286579661416,-22.883316629958447],[-43.0202840867407,-22.883319942161528],[-43.02018593743057,-22.883450139712085],[-43.02014398675507,-22.883505787062372],[-43.01982281007409,-22.88384053721094],[-43.019755982352166,-22.88390073962736],[-43.01974537484867,-22.883910294924107],[-43.01932068530087,-22.884292899797426],[-43.01894070015268,-22.884614077377666],[-43.018604860025754,-22.884888855336346],[-43.01849286025677,-22.88498049175623],[-43.01849019466621,-22.88498299007287],[-43.01848752727701,-22.884985480295622],[-43.018484851793936,-22.884987965122406],[-43.01848217721018,-22.884990447251283],[-43.01847949183453,-22.884992924883502],[-43.01847680735826,-22.88499539532117],[-43.018474114788056,-22.88499786216155],[-43.01847142221785,-22.885000321807322],[-43.01846871975507,-22.885002779654453],[-43.01846601729235,-22.88500523210572],[-43.01846330673569,-22.885007680060344],[-43.01846059527971,-22.88501011992102],[-43.01845787483054,-22.885012557083737],[-43.018455155280684,-22.885014989749916],[-43.018452426737575,-22.88501741702012],[-43.01844969729515,-22.885019837095705],[-43.01844695975884,-22.885022257171354],[-43.01844422222254,-22.885024667354422],[-43.01844147659235,-22.885027074839545],[-43.01843873006279,-22.885029476928732],[-43.01843597723805,-22.88503187542065],[-43.01843321721869,-22.885034266717952],[-43.01843045719928,-22.885036651720018],[-43.01842768998537,-22.885039034923434],[-43.0184249200735,-22.88504141183162],[-43.018422144765644,-22.88504378514248],[-43.018419366759844,-22.885046152158143],[-43.01841658515675,-22.88504851467714],[-43.018413797258425,-22.885050871800235],[-43.018411004863445,-22.88505322172873],[-43.018408209770506,-22.88505556985856],[-43.01840541018103,-22.88505790989453],[-43.01840260519557,-22.885060249930493],[-43.018399794814144,-22.88506258007394],[-43.0183969817348,-22.88506490662004],[-43.01839416505813,-22.885067226870973],[-43.018391344784185,-22.885069541725873],[-43.01838851731568,-22.88507185478218],[-43.01838568714921,-22.88507415974461],[-43.018382855184115,-22.88507646200904],[-43.01838001512507,-22.885078757078897],[-43.01837717506603,-22.885081046752838],[-43.01837432691311,-22.88508333193013],[-43.018371475162915,-22.88508561171156],[-43.01836862161408,-22.88508788699633],[-43.01836576176995,-22.88509015688518],[-43.01836290012718,-22.88509242227739],[-43.01836003218923,-22.885094679575708],[-43.018357159754565,-22.88509693507544],[-43.01835428731996,-22.885099181581868],[-43.018351404992835,-22.885101427189028],[-43.018348521766335,-22.88510366470231],[-43.018345634942555,-22.885105896819624],[-43.01834274182354,-22.88510812533966],[-43.01833984690588,-22.88511035026241],[-43.018336946592306,-22.885112567091216],[-43.01833404178208,-22.885114776725487],[-43.018331136971845,-22.88511698456111],[-43.01832822496706,-22.88511918700081],[-43.01832526979481,-22.88512141192357],[-43.018322307428,-22.885123635047613],[-43.0183193450612,-22.885125850077863],[-43.01831637460045,-22.885128062410082],[-43.018313402341136,-22.885130264849774],[-43.01831042468583,-22.885132464591518],[-43.01830744523189,-22.885134657138646],[-43.01830446038203,-22.885136846987816],[-43.01830147193484,-22.88513902964243],[-43.018298479890426,-22.885141206901118],[-43.018295481550716,-22.88514337966316],[-43.018292482311686,-22.885145545230642],[-43.018289476777426,-22.88514770720084],[-43.018286466746495,-22.885149861976487],[-43.01828345491699,-22.885152012255464],[-43.01828043679219,-22.885154155339904],[-43.01827741686875,-22.88515629482705],[-43.01827439244871,-22.885158427119645],[-43.01827136533071,-22.885160554915583],[-43.018268331917476,-22.885162677315602],[-43.018265294906904,-22.885164791621754],[-43.01826225519837,-22.885166902330607],[-43.01825921189256,-22.885169006744174],[-43.018256164989474,-22.885171106661144],[-43.01825311179115,-22.88517320208151],[-43.018250054995484,-22.885175290307327],[-43.01824699730056,-22.88517737223785],[-43.01824393241102,-22.88517944967177],[-43.01824086482352,-22.885181519911125],[-43.01823779543738,-22.885183584754575],[-43.018234719756,-22.885185645101352],[-43.01823164227593,-22.885187700052228],[-43.01822856029931,-22.885189746909216],[-43.0182254720274,-22.885191791967564],[-43.01822238195685,-22.885193827133357],[-43.01821929008761,-22.88519585960118],[-43.01821619192318,-22.88519788487443],[-43.018213090161474,-22.88519990475171],[-43.01820998480244,-22.88520192013246],[-43.01820687674543,-22.885203930117214],[-43.01820376509115,-22.88520593200807],[-43.01820064983959,-22.8852079267044],[-43.018197530091435,-22.885209919602023],[-43.01819440674594,-22.88521190530511],[-43.01819127980317,-22.88521388471295],[-43.018188150162494,-22.88521585962414],[-43.01818501512579,-22.885217827340767],[-43.01818187739118,-22.885219789661488],[-43.01817873515997,-22.885221746586268],[-43.01817559023075,-22.885223699913716],[-43.0181724417043,-22.88522564514735],[-43.01816928958052,-22.88522758498495],[-43.01816613475878,-22.885229514930103],[-43.01816297544044,-22.885231444875185],[-43.018159811625445,-22.885233364927757],[-43.01815664511255,-22.885235282282363],[-43.018153475002315,-22.885237192442414],[-43.01815030219418,-22.885239097206483],[-43.01814712488939,-22.885240996574645],[-43.01814394488664,-22.8852428869496],[-43.01814076218587,-22.885244774626564],[-43.018137574988565,-22.885246656907643],[-43.01813438239528,-22.88524853019541],[-43.01813118980206,-22.88525039988596],[-43.018127990014214,-22.885252265079902],[-43.01812479022637,-22.88525412217992],[-43.01812158504256,-22.885255974783345],[-43.01811837716084,-22.88525782019214],[-43.01811516478253,-22.885259660205094],[-43.018111949706196,-22.885261492124094],[-43.018108731931896,-22.885263322244466],[-43.018105512358964,-22.885265141572948],[-43.018102287390114,-22.885266960002152],[-43.018099057025346,-22.885268766740094],[-43.01809582666052,-22.885270571679452],[-43.01809259179915,-22.885272370323573],[-43.01808935513909,-22.88527416177308],[-43.01808611218379,-22.885275946927344],[-43.01808286742985,-22.885277730282983],[-43.01807961997795,-22.88527950194739],[-43.018076367130135,-22.885281271813163],[-43.01807311518157,-22.88528303178642],[-43.018069855139196,-22.88528478996098],[-43.01806659509676,-22.88528654004173],[-43.01806332965841,-22.885288284726506],[-43.01806006242142,-22.885290022216644],[-43.01805679158715,-22.885291755210254],[-43.0180535198535,-22.885293481908572],[-43.018050241824675,-22.885295202311653],[-43.01804696199715,-22.885296914620856],[-43.01804367677371,-22.885298622433393],[-43.01804039155033,-22.885300324850025],[-43.018037101830224,-22.88530202187072],[-43.01803381031154,-22.885303711696874],[-43.01803051519558,-22.885305395227732],[-43.018027214683705,-22.88530707156402],[-43.01802391237313,-22.885308745202355],[-43.0180206073646,-22.885310409847445],[-43.018017299658105,-22.885312069995937],[-43.01801399015297,-22.885313722050544],[-43.01801067525193,-22.88531536960854],[-43.01800735675359,-22.885317011770585],[-43.01800403735589,-22.885318646738057],[-43.01800071526028,-22.885320277208926],[-43.017997386869375,-22.885321896887973],[-43.01799405667983,-22.88532351476831],[-43.01799072469165,-22.885325124554775],[-43.017987390005516,-22.885326729844643],[-43.017984051722095,-22.885328327040575],[-43.01798070984133,-22.885329919739917],[-43.01797736706131,-22.885331505244693],[-43.01797401978464,-22.885333087152187],[-43.017970669810005,-22.885334660066423],[-43.01796731713747,-22.885336224886792],[-43.01796396176692,-22.88533778700921],[-43.01796060189971,-22.885339341936987],[-43.01795724203256,-22.885340892368188],[-43.01795387676949,-22.885342434705514],[-43.017950509707724,-22.885343969848257],[-43.017947139948,-22.885345499595047],[-43.01794377018833,-22.885347024845228],[-43.01794039233473,-22.885348542001537],[-43.01793701538045,-22.88535005466125],[-43.017933634828836,-22.885351560126338],[-43.01793024978067,-22.885353060195516],[-43.01792686203455,-22.88535455217075],[-43.01792347518769,-22.885356039649448],[-43.0179200820456,-22.88535751993353],[-43.017916687104865,-22.885358992123745],[-43.01791329036555,-22.88536045981729],[-43.017909890028896,-22.88536192211493],[-43.01790648699423,-22.885363377218003],[-43.01790308216098,-22.885364826925155],[-43.01789967193181,-22.88536627033701],[-43.01789626170258,-22.885367706554316],[-43.017892849674716,-22.885369137375708],[-43.01788943225099,-22.88537056010321],[-43.017886014827205,-22.885371977434744],[-43.01788259200751,-22.885373390269674],[-43.017879167389104,-22.885374795010733],[-43.01787574187144,-22.88537619165785],[-43.01787231185718,-22.88537758470769],[-43.017868880044226,-22.885378969663652],[-43.01786544733201,-22.88538035192161],[-43.01786201012314,-22.885381725186427],[-43.0178585702163,-22.88538309215587],[-43.017855130309464,-22.885384451930825],[-43.01785168500671,-22.88538580720919],[-43.017848237006,-22.88538715529293],[-43.01784478990461,-22.885388495282733],[-43.01784133740724,-22.88538983167533],[-43.01783788221197,-22.885391159973974],[-43.017834425218005,-22.885392481977384],[-43.01783096732478,-22.885393796786246],[-43.01782750493489,-22.88539510979641],[-43.01782404164569,-22.885396412014728],[-43.017820574759206,-22.885397709736445],[-43.01781710697335,-22.885399000263554],[-43.017813634690945,-22.885400281797473],[-43.017810162408544,-22.885401562432076],[-43.01780668473017,-22.885402834972776],[-43.01780320705185,-22.88540410031888],[-43.01779972667551,-22.88540535667178],[-43.01779624539986,-22.885406610326722],[-43.0177927596276,-22.885407856787115],[-43.01778927205671,-22.88540909515356],[-43.01778578178786,-22.88541032992274],[-43.017782289720365,-22.885411554799333],[-43.017778796753554,-22.885412775179326],[-43.01777530018941,-22.88541399016341],[-43.017771801826676,-22.88541519705361],[-43.01776829986661,-22.885416396749264],[-43.017764797007224,-22.88541759194825],[-43.017761292349256,-22.885418779952687],[-43.01775778499327,-22.88541995986319],[-43.01775427493933,-22.885421135277078],[-43.017750764885385,-22.88542230169778],[-43.017747250334786,-22.88542346721917],[-43.017743734884924,-22.88542462015001],[-43.0177402167371,-22.88542577218155],[-43.017736694991946,-22.885426915219877],[-43.017733175045485,-22.885428050164336],[-43.01772964970306,-22.885429177014863],[-43.017726121662655,-22.885430302066737],[-43.01772259182362,-22.885431419924004],[-43.01771906468255,-22.885432526989426],[-43.01771553034691,-22.885433632256216],[-43.01771199511196,-22.88543473032846],[-43.01770845987701,-22.88543582030681],[-43.0177049201454,-22.885436904889186],[-43.01770138041385,-22.885437982277004],[-43.01769783708496,-22.885439051570895],[-43.01769429195749,-22.885440117267514],[-43.017690745031324,-22.88544117487024],[-43.01768719720584,-22.88544222527841],[-43.01768364668239,-22.8854432702906],[-43.01768009525963,-22.88544430990688],[-43.017676540239584,-22.885445339630643],[-43.01767298521954,-22.885446364857756],[-43.01766942480358,-22.885447384688998],[-43.017665865286936,-22.885448397325572],[-43.01766230487092,-22.88544940186833],[-43.01765873995836,-22.885450400115786],[-43.017655175045746,-22.885451394765965],[-43.01765160743522,-22.885452380422944],[-43.01764803982464,-22.885453359784634],[-43.01764446681815,-22.88545433195176],[-43.01764089471097,-22.88545529692433],[-43.017637319905845,-22.885456257400307],[-43.0176337451007,-22.885457209782338],[-43.01763016669829,-22.88545815496983],[-43.01762658739656,-22.885459094761327],[-43.017623005396864,-22.885460027358274],[-43.01761942159848,-22.885460954559303],[-43.01761583690082,-22.88546187456577],[-43.01761225220317,-22.885462787377634],[-43.017608662109545,-22.88546369479363],[-43.01760507201592,-22.88546459501496],[-43.01760148012365,-22.88546548984041],[-43.01759788733212,-22.885466374773305],[-43.017594291842585,-22.885467255209594],[-43.01759069725235,-22.885468130249965],[-43.017587097266215,-22.885468997196394],[-43.017583499978024,-22.885469856948273],[-43.017579897293864,-22.885470712203546],[-43.01757629460977,-22.88547155666694],[-43.017572690127025,-22.885472396633727],[-43.017569084744956,-22.885473232103916],[-43.017565476664885,-22.885474056782215],[-43.01756186678622,-22.885474879661867],[-43.0175582569075,-22.88547569174968],[-43.01755464523015,-22.885476500240223],[-43.0175510317542,-22.885477299737516],[-43.01754741737889,-22.8854780947382],[-43.01754056184691,-22.885479565129774],[-43.017533709912264,-22.88548104181658],[-43.017526859776204,-22.885482530194526],[-43.01752001233816,-22.88548402037119],[-43.01751316220216,-22.885485516843033],[-43.017506314764056,-22.885487022308187],[-43.01749947002397,-22.88548853226987],[-43.017492627082525,-22.885490052124133],[-43.01748578234244,-22.88549157467636],[-43.01747894209896,-22.88549310532247],[-43.01747210185547,-22.885494644961828],[-43.01746526700796,-22.885496187299136],[-43.01745843036175,-22.885497740428285],[-43.01745159461486,-22.88549929715477],[-43.01744476156593,-22.88550086017651],[-43.0174379303157,-22.885502432191426],[-43.01743109996473,-22.88550400690432],[-43.01742427231178,-22.885505592409096],[-43.01741744196087,-22.88550718241046],[-43.017410617005815,-22.885508779606397],[-43.01740379205082,-22.885510384896268],[-43.017396969793786,-22.88551199468273],[-43.01739015023471,-22.885513609865114],[-43.017383329776315,-22.88551523494007],[-43.01737651201588,-22.885516861813667],[-43.01736969515476,-22.885518502177067],[-43.017362880092286,-22.885520145238416],[-43.017356066828505,-22.885521791897105],[-43.017349257161946,-22.885523450246936],[-43.01734244479743,-22.885525112194074],[-43.017335636929566,-22.88552678223513],[-43.01732882996102,-22.885528456772793],[-43.01732202479106,-22.88553014210228],[-43.01731522231912,-22.885531830129796],[-43.017308419847176,-22.8855335271505],[-43.01730162007319,-22.885535226869163],[-43.017294822097845,-22.885536937379666],[-43.01728802502182,-22.88553865238683],[-43.017281229744434,-22.885540374588544],[-43.01727443716501,-22.885542104884134],[-43.01726764188762,-22.885543839676387],[-43.01726085470417,-22.88554557986455],[-43.0172540648227,-22.885547329945236],[-43.01724727673987,-22.885549081824617],[-43.01724049225438,-22.8855508453951],[-43.01723370956753,-22.8855526116636],[-43.01722692688062,-22.885554386925346],[-43.017220146891724,-22.8855561666837],[-43.01721336960079,-22.885557957233882],[-43.017206592309854,-22.885559749582708],[-43.01719981681756,-22.885561551824107],[-43.01719304492254,-22.885563356763413],[-43.017186274826166,-22.885565171595346],[-43.017179504729846,-22.88556699182314],[-43.01717273733143,-22.88556882014486],[-43.01716596993301,-22.885570654761835],[-43.01715920523261,-22.885572494774713],[-43.01715244233079,-22.885574340183584],[-43.01714568212699,-22.885576191887676],[-43.017138921923184,-22.885578051685656],[-43.01713216711531,-22.885579916879614],[-43.017125412307415,-22.88558179016743],[-43.01711865660021,-22.88558366975051],[-43.017111907188244,-22.88558555472949],[-43.01710515507832,-22.88558744690309],[-43.01709840656567,-22.88558934717057],[-43.017091661650305,-22.88559125193464],[-43.017084916734994,-22.885593164792652],[-43.01707817541691,-22.88559508214726],[-43.01707143499819,-22.88559700669643],[-43.01706469727745,-22.885598940238854],[-43.01705795685867,-22.885600874680524],[-43.01705122183588,-22.885602819914112],[-43.017044492209,-22.885604772342305],[-43.017037759884175,-22.88560673016641],[-43.01703103025729,-22.885608691587745],[-43.01702430242906,-22.88561066200239],[-43.01701757729884,-22.885612639611534],[-43.01701085216856,-22.88561462171734],[-43.01700412973624,-22.885616611917012],[-43.01699741000194,-22.885618610210624],[-43.01699069476424,-22.885620610302823],[-43.01698397682853,-22.885622620287652],[-43.016977265188096,-22.885624636567652],[-43.01697055174903,-22.885626657344257],[-43.01696384190725,-22.88562868711412],[-43.01695713476342,-22.885630722279945],[-43.01695042672028,-22.885632764640285],[-43.01694372227441,-22.885634812396596],[-43.0169370223252,-22.88563686734747],[-43.016930319677975,-22.885638926794943],[-43.016923622426724,-22.88564099523566],[-43.016916925175416,-22.885643069971614],[-43.01691023242076,-22.8856451501035],[-43.01690353966611,-22.88564724012795],[-43.01689684960942,-22.885649331951043],[-43.01689016225068,-22.88565143186801],[-43.01688347489189,-22.885653537180904],[-43.01687679023117,-22.885655649688395],[-43.016870110066996,-22.885657770289782],[-43.01686342990282,-22.885659897186457],[-43.0168567497387,-22.885662026781027],[-43.01685007497044,-22.8856641671675],[-43.01684340200089,-22.88566631205057],[-43.01683672993058,-22.88566846232962],[-43.01683005965898,-22.885670621601797],[-43.016823392085335,-22.885672787169334],[-43.01681672720965,-22.88567495723342],[-43.016810065031926,-22.885677135391422],[-43.01680649202544,-22.88567796726428],[-43.01680292171695,-22.885678807231066],[-43.016799355005695,-22.88567965169451],[-43.01679578739512,-22.8856805051511],[-43.016792221583245,-22.88568136490298],[-43.016788660267906,-22.885682230050772],[-43.01678509715398,-22.885683102393184],[-43.01678153673802,-22.885683980131518],[-43.01677797991934,-22.885684865064405],[-43.01677442220127,-22.88568575719185],[-43.01677086718123,-22.885686654715272],[-43.016767312161186,-22.88568756033257],[-43.0167637598391,-22.885688472245096],[-43.016760210214976,-22.88568938955362],[-43.01675666238955,-22.885690314956],[-43.01675311456406,-22.885691246653643],[-43.016749570335854,-22.885692181948542],[-43.016746025208384,-22.88569312983398],[-43.0167424818795,-22.8856940768201],[-43.016738944845905,-22.885695037296077],[-43.0167354051143,-22.885695996872666],[-43.01673186987935,-22.88569696993912],[-43.01672833464439,-22.885697944804253],[-43.0167248021074,-22.885698929561862],[-43.01672127226836,-22.885699919715442],[-43.016717742429336,-22.885700915264948],[-43.01671421528825,-22.885701919807694],[-43.01671068994588,-22.885702929746305],[-43.0167071673014,-22.885703945080902],[-43.01670364465692,-22.885704966710787],[-43.01670012471046,-22.88570599463585],[-43.01669660656258,-22.88570702975553],[-43.0166930902134,-22.88570807206977],[-43.01668957476354,-22.885709119779985],[-43.016686064709596,-22.885710174684757],[-43.01668255195769,-22.88571123678409],[-43.01667904460171,-22.885712305178654],[-43.016675539943684,-22.88571337986852],[-43.01667203528566,-22.885714459954293],[-43.01666853242627,-22.885715547234632],[-43.0166650322649,-22.885716639910953],[-43.016661534801436,-22.885717739781764],[-43.016658037338026,-22.88571884684725],[-43.016654541673255,-22.88571996020792],[-43.016651052303665,-22.88572107986388],[-43.01664756023617,-22.885722202217806],[-43.01664407176596,-22.885723337162204],[-43.016640586893025,-22.88572447480461],[-43.01663710471805,-22.885725619641523],[-43.01663362164381,-22.885726769874477],[-43.0166301421668,-22.885727927301925],[-43.01662666538774,-22.885729091923995],[-43.01662319040738,-22.88573026194197],[-43.01661971722566,-22.885731440053824],[-43.01661624494321,-22.8857326253603],[-43.0166127771574,-22.88573381516338],[-43.016609310270916,-22.885735010362367],[-43.01660584518308,-22.885736211856585],[-43.01660238189387,-22.885737422344086],[-43.01659892489996,-22.885738637328153],[-43.016595465208034,-22.885739856808897],[-43.01659201001271,-22.885741087081406],[-43.01658855661608,-22.885742321850582],[-43.01658510681668,-22.885743562015676],[-43.01658165971528,-22.885744810274705],[-43.01657821171457,-22.88574606213101],[-43.01657477000909,-22.885747322081187],[-43.0165713274043,-22.88574859012524],[-43.01656788659815,-22.88574986176664],[-43.01656445028859,-22.88575113970327],[-43.01656101487842,-22.885752424834468],[-43.016557584864096,-22.885753717160274],[-43.016554154849835,-22.88575501488193],[-43.016550726634215,-22.885756319798215],[-43.016547302015816,-22.885757630110476],[-43.01654388009543,-22.885758946717967],[-43.01654045997369,-22.885760269620643],[-43.01653704165065,-22.885761599717984],[-43.01653362692482,-22.885762935211197],[-43.01653021489695,-22.885764276999716],[-43.016526804667784,-22.885765625083447],[-43.01652339533788,-22.885766982160444],[-43.016519992303266,-22.88576834193535],[-43.016516586570695,-22.885769709804176],[-43.01651318713336,-22.885771082169615],[-43.01650979039398,-22.885772461729665],[-43.016506394553936,-22.88577384668563],[-43.01650300231116,-22.88577523973547],[-43.01649961186708,-22.885776637281907],[-43.01649622502023,-22.88577804202296],[-43.01649283997207,-22.885779454857897],[-43.016489456722496,-22.885780872189432],[-43.01648607707025,-22.88578229491688],[-43.016482700115965,-22.88578372483894],[-43.01647932675897,-22.885785160156928],[-43.01647595520066,-22.885786601770207],[-43.01647258723957,-22.885788049678663],[-43.01646922017786,-22.88578950478174],[-43.016465854914735,-22.885790965280737],[-43.016462495047584,-22.88579243207502],[-43.01645913697907,-22.885793905164494],[-43.01645577980988,-22.88579538185129],[-43.01645242983525,-22.885796870229317],[-43.01644907986062,-22.88579836220455],[-43.01644572988598,-22.885799856877806],[-43.016442387105954,-22.885801362342907],[-43.01643904522521,-22.885802872304655],[-43.016435705143145,-22.885804390360274],[-43.016432369557684,-22.885805910214476],[-43.01642903487154,-22.88580743996133],[-43.01642570468201,-22.885808975104023],[-43.016422377190416,-22.88581051474339],[-43.01641905509481,-22.885812061577287],[-43.01641573030118,-22.885813614706503],[-43.016412411802854,-22.88581517503021],[-43.01640909510311,-22.885816739850583],[-43.016405782000696,-22.8858183118655],[-43.01640247159625,-22.88581989017572],[-43.01639916478907,-22.885821472083215],[-43.016395859780594,-22.8858230620846],[-43.0163925565707,-22.885824656582574],[-43.0163892596561,-22.88582626007373],[-43.016385961842126,-22.8858278698602],[-43.01638267032344,-22.885829482344626],[-43.016379379704084,-22.885831102023662],[-43.01637609178268,-22.885832729796594],[-43.01637281015652,-22.88583436026747],[-43.01636953032906,-22.885835999731537],[-43.016366252300166,-22.88583764189357],[-43.0163629769693,-22.88583929214953],[-43.01635970523565,-22.885840949600063],[-43.0163564353007,-22.88584261244651],[-43.01635316986235,-22.88584427978961],[-43.016349907121956,-22.88584595522657],[-43.01634664707958,-22.885847635160157],[-43.016343392433065,-22.88584932228829],[-43.016340136887294,-22.885851014812403],[-43.016336890334706,-22.885852711833106],[-43.01633364198343,-22.88585441694769],[-43.0163303999275,-22.885856126558934],[-43.01632715697221,-22.885857845163372],[-43.01632392031214,-22.885859567365085],[-43.016320687249404,-22.885861294962716],[-43.01631745508595,-22.885863029754976],[-43.01631422741914,-22.885864769943076],[-43.01631100155097,-22.88586651462785],[-43.016307780179396,-22.88586826740655],[-43.016304562405104,-22.885870024681797],[-43.01630134732877,-22.885871790050967],[-43.01629813495045,-22.885873559916813],[-43.01629492706868,-22.885875335178497],[-43.016291721884926,-22.885877116735482],[-43.01628852029844,-22.88587890458771],[-43.01628532230924,-22.88588069693654],[-43.01628250023665,-22.885882447017217],[-43.0162796817614,-22.885884205191836],[-43.01627686688336,-22.88588596696373],[-43.01627405740131,-22.885887736829517],[-43.01627124971784,-22.885889510292568],[-43.01626844743039,-22.885891290050914],[-43.01626564694154,-22.885893075205193],[-43.0162628518486,-22.88589486665469],[-43.01626006215164,-22.88589666170148],[-43.0162572715553,-22.885898464842196],[-43.01625448725425,-22.885900275177484],[-43.016251706550484,-22.88590209000935],[-43.016248930343316,-22.885903910237197],[-43.01624615503547,-22.885905734961653],[-43.016243385123595,-22.88590756508196],[-43.01624061970832,-22.885909402396948],[-43.01623785699095,-22.885911245107796],[-43.01623509966961,-22.885913092315292],[-43.01623234504617,-22.885914944918706],[-43.016229594919324,-22.885916807414645],[-43.01622684659119,-22.88591867170927],[-43.01622410186026,-22.885920542299086],[-43.01622136522328,-22.88592241738555],[-43.01621862678766,-22.885924299666637],[-43.016215897345226,-22.885926190041538],[-43.016213169701494,-22.885928082215145],[-43.016210444755664,-22.885929979784656],[-43.01620772520581,-22.885931885448056],[-43.016205010152554,-22.88593379470878],[-43.01620229689794,-22.885935712063393],[-43.016199589938616,-22.885937632115972],[-43.01619688477788,-22.88593956026241],[-43.01619418501311,-22.8859414920062],[-43.01619148974495,-22.885943430045163],[-43.01618879717475,-22.88594537168146],[-43.016186110000454,-22.885947322311004],[-43.01618342192685,-22.885949277437106],[-43.01618074194717,-22.885951237059853],[-43.01617806736336,-22.88595320027987],[-43.01617539727621,-22.885955171593796],[-43.01617272718905,-22.88595715010231],[-43.01617006519583,-22.885959132208118],[-43.01616740500119,-22.88596111970983],[-43.01616474660524,-22.885963111708154],[-43.01616209720251,-22.88596511000176],[-43.01615944690044,-22.885967111892654],[-43.01615680469226,-22.885969121877423],[-43.01615416518202,-22.88597113725811],[-43.01615153016845,-22.885973157135403],[-43.016148899651476,-22.885975185106613],[-43.01614627183247,-22.885977214876476],[-43.01614365030868,-22.885979250042254],[-43.01614102968423,-22.885981292402654],[-43.016138417153705,-22.885983340158955],[-43.01613580732114,-22.88598539241187],[-43.01613320018648,-22.88598744736274],[-43.016130600246484,-22.885989512206123],[-43.016128002105084,-22.88599157974752],[-43.01612540666163,-22.8859936553828],[-43.01612282021144,-22.885995731917404],[-43.01612023466057,-22.88599781744525],[-43.016117655404926,-22.885999906570333],[-43.01611507974658,-22.886002001990708],[-43.01611250678623,-22.886004101907726],[-43.01610994012114,-22.886006207220614],[-43.01610737525461,-22.88600831972812],[-43.01610481668339,-22.886010434933514],[-43.0161022617095,-22.886012557333608],[-43.016099712131464,-22.88601468512953],[-43.01609716705009,-22.886016814724172],[-43.016094624666685,-22.88601895241262],[-43.01609208677987,-22.886021094597737],[-43.016089556986934,-22.88602324217883],[-43.016087029891956,-22.886025395155762],[-43.016084504595675,-22.88602755173005],[-43.016081984695305,-22.88602971459957],[-43.016079470190874,-22.886031884663655],[-43.01607696018302,-22.886034057425746],[-43.01607445467183,-22.886036234684383],[-43.016071951858535,-22.886038420036954],[-43.01606945713919,-22.886040607188214],[-43.0160669651178,-22.88604280243331],[-43.01606447669373,-22.886045002175052],[-43.01606199186689,-22.88604720461475],[-43.016059515133996,-22.886049415148328],[-43.01605704019973,-22.886051630178518],[-43.01605457156071,-22.88605384700732],[-43.01605210472032,-22.886056071930085],[-43.01604964507455,-22.88605830224875],[-43.016047189925324,-22.88606053526544],[-43.01604473657479,-22.886062777275267],[-43.016042292217456,-22.886065020184475],[-43.01603984965881,-22.886067270288233],[-43.01603741159672,-22.886069524888583],[-43.01603497982991,-22.886071784884876],[-43.01603254986175,-22.886074050277127],[-43.01603012708814,-22.88607632016598],[-43.01602770701257,-22.886078591853472],[-43.016025295030786,-22.886080871634842],[-43.016022884847715,-22.886083156812187],[-43.0160204773626,-22.886085447385387],[-43.01601807977002,-22.886087741555933],[-43.016015684875434,-22.886090042021728],[-43.01601329177944,-22.886092345185514],[-43.016010906777375,-22.886094654644488],[-43.01600852717123,-22.886096966801485],[-43.0160061502631,-22.88609928705236],[-43.0160037769522,-22.886101610001248],[-43.016001409936585,-22.88610394014463],[-43.01599905011553,-22.886106274784677],[-43.01599669209311,-22.886108612122683],[-43.01599433676871,-22.886110954856605],[-43.0159919922361,-22.886113304785138],[-43.01598964680422,-22.886115657411587],[-43.01598731216417,-22.886118011836707],[-43.015984976624814,-22.886120377053683],[-43.0159826500787,-22.886122744968613],[-43.015980325331235,-22.8861251173802],[-43.015978006878996,-22.88612749518765],[-43.015975694722,-22.88612987479379],[-43.01597338526297,-22.886132261594497],[-43.01597108030059,-22.886134651992535],[-43.015968781633454,-22.886137046887118],[-43.01596648656359,-22.886139449875618],[-43.01596419688965,-22.886141851964826],[-43.01596191530964,-22.886144264845854],[-43.015959637326844,-22.88614667682762],[-43.01595736024343,-22.88614909690321],[-43.01595509215323,-22.88615152237477],[-43.01595282676103,-22.88615394964498],[-43.015950566764694,-22.88615638500911],[-43.01594831486229,-22.886158822171833],[-43.01594606475853,-22.886161264730536],[-43.015943820050744,-22.886163711785763],[-43.01594158163814,-22.886166162438386],[-43.01593934682287,-22.88616862028552],[-43.01593712010147,-22.8861710799313],[-43.01593489517872,-22.886173544973047],[-43.01593267475263,-22.886176017209348],[-43.015930459722384,-22.886178490344978],[-43.01592825188676,-22.88618096977584],[-43.01592605034638,-22.886183451904714],[-43.01592384970538,-22.88618594212746],[-43.0159216571582,-22.886188435048183],[-43.015919467309025,-22.886190931566173],[-43.01591728465442,-22.886193435278724],[-43.01591510469782,-22.88619593989066],[-43.01591293193572,-22.88619844989844],[-43.0159107645696,-22.886200967100905],[-43.015908601700076,-22.88620348700127],[-43.01590644512579,-22.88620600959959],[-43.01590429214885,-22.886208540291847],[-43.015902147265734,-22.886211071883363],[-43.01590000508061,-22.886213609770174],[-43.0158978673921,-22.88621615215364],[-43.01589573509957,-22.88621869723502],[-43.01589361000159,-22.88622124681299],[-43.01589148670219,-22.886223801786944],[-43.01588937239611,-22.8862263621568],[-43.01588726168725,-22.886228927023268],[-43.01588515727368,-22.886231494587744],[-43.015883057356646,-22.88623406664877],[-43.01588096193628,-22.886236642307118],[-43.01587887191189,-22.88623922516004],[-43.015876789981306,-22.88624180981159],[-43.015874709849435,-22.886244399859066],[-43.015872636912114,-22.88624699170524],[-43.01587057027008,-22.886249589846646],[-43.015868507225285,-22.886252191585328],[-43.0158664468785,-22.886254796921282],[-43.01586439732355,-22.88625741035114],[-43.01586234956723,-22.886260024680283],[-43.01586030990485,-22.886262641707475],[-43.01585827204106,-22.886265265029888],[-43.0158562422712,-22.88626789194958],[-43.015854216998,-22.886270525164512],[-43.01585219712065,-22.88627316197678],[-43.015850181739964,-22.886275802386276],[-43.01584817535248,-22.88627844459447],[-43.01584616986431,-22.886281092198573],[-43.015844171570755,-22.886283745198593],[-43.01584218227034,-22.88628640179596],[-43.01584019476862,-22.886289061990542],[-43.015838211763494,-22.886291726681772],[-43.01583623505367,-22.88629439497029],[-43.01583426463909,-22.886297066856084],[-43.01583229962041,-22.886299745037118],[-43.01583033999766,-22.886302425016847],[-43.01582838667016,-22.88630511219108],[-43.015826436939975,-22.88630779666741],[-43.015824495303676,-22.886310491935568],[-43.01582255726466,-22.886313187203733],[-43.01582062731957,-22.88631588966652],[-43.01581870007239,-22.88631859212924],[-43.01581677732186,-22.88632130178657],[-43.01581486176589,-22.886324015041197],[-43.015811462328564,-22.886327814676832],[-43.015808054797354,-22.886331607117913],[-43.01580464456818,-22.88633539686102],[-43.01580122984236,-22.886339180308852],[-43.01579780702265,-22.886342961958036],[-43.01579438240431,-22.886346737311985],[-43.01579094969204,-22.88635050727001],[-43.01578751518112,-22.886354277228044],[-43.01578407527435,-22.886358037293483],[-43.01578062997154,-22.88636179466104],[-43.0157771765749,-22.8863655502299],[-43.0157737222789,-22.88636929680555],[-43.015770259889074,-22.88637304158251],[-43.01576679480122,-22.886376780064296],[-43.01576332521673,-22.886380514948733],[-43.01575985023637,-22.886384245336586],[-43.015756369860036,-22.88638797212715],[-43.015752884987094,-22.886391691723105],[-43.01574939202028,-22.886395406822512],[-43.01574589725483,-22.886399120123215],[-43.015742397093405,-22.886402827128705],[-43.01573889243539,-22.886406529637576],[-43.015735382381436,-22.886410226750478],[-43.015731866931574,-22.88641392206481],[-43.01572834968307,-22.886417610184505],[-43.01572482523996,-22.886421294706924],[-43.01572129540092,-22.886424974732705],[-43.01571776016597,-22.88642864666465],[-43.01571422223306,-22.886432316797908],[-43.01571067710553,-22.886435982434556],[-43.015707130179365,-22.886439645373247],[-43.01570357515932,-22.88644330021807],[-43.015700017441326,-22.886446952364874],[-43.01569645522666,-22.88645059731712],[-43.01569288491819,-22.886454236873437],[-43.0156893119117,-22.886457877329093],[-43.01568573530791,-22.886461509690857],[-43.01568215240884,-22.886465136656653],[-43.01567856501324,-22.886468760025167],[-43.015674974919605,-22.886472377098446],[-43.01567137673211,-22.88647599237307],[-43.01566777494732,-22.886479599553777],[-43.015664169565255,-22.886483204935907],[-43.01566055968654,-22.886486804922036],[-43.01565694171394,-22.88649039681431],[-43.015653321942715,-22.886493986907873],[-43.015649696775554,-22.88649757160558],[-43.015646067111746,-22.886501151806637],[-43.015642432052076,-22.886504730209058],[-43.01563879159643,-22.88650829692031],[-43.015635146644186,-22.886511865430148],[-43.015631499893246,-22.886515424946857],[-43.01562784504849,-22.886518981765523],[-43.015624186606395,-22.88652253228898],[-43.01562052456701,-22.88652607741644],[-43.015616857131725,-22.886529619846012],[-43.01561318519977,-22.8865331568796],[-43.015609506972645,-22.88653668671864],[-43.01560582514818,-22.886540214759034],[-43.015602139726425,-22.88654373740346],[-43.01559844980808,-22.886547254652015],[-43.0155947517958,-22.88655076740391],[-43.01559105198494,-22.8865542747599],[-43.015587346778105,-22.886557776719965],[-43.01558363977263,-22.886561275082702],[-43.01557992467322,-22.886564767150187],[-43.015576205077274,-22.88656825472108],[-43.01557248188398,-22.886571736896062],[-43.01556875509342,-22.886575217272384],[-43.01556502200761,-22.8865786895548],[-43.01556128532453,-22.886582157340587],[-43.0155575450441,-22.886585622428438],[-43.01555379666986,-22.886589080321723],[-43.01555004739625,-22.886592531919707],[-43.01554629182739,-22.88659598171913],[-43.01554253176188,-22.88659942522323],[-43.01553876719983,-22.88660286243206],[-43.0155349972418,-22.88660629694297],[-43.015531224585814,-22.886609725158586],[-43.01552744743323,-22.88661314977698],[-43.015523664884675,-22.886616567200708],[-43.015519876940246,-22.886619980127897],[-43.015516087197135,-22.886623390357126],[-43.01551229025945,-22.88662679159309],[-43.015508489724496,-22.886630191929758],[-43.01550468469289,-22.886633585071856],[-43.01550087516473,-22.886636971918648],[-43.015497060240605,-22.8866403569668],[-43.015493241719206,-22.88664373482041],[-43.01548941960052,-22.886647107278094],[-43.01548559208586,-22.886650477037815],[-43.01548176007466,-22.886653839602925],[-43.01547792176815,-22.88665719677212],[-43.01547408166302,-22.88666055214267],[-43.01547023706122,-22.886663900318663],[-43.01546638706357,-22.88666724219942],[-43.015462535267275,-22.886670579583523],[-43.01545867717569,-22.886673911571698],[-43.01545481188954,-22.88667723996261],[-43.015450944804705,-22.886680562058213],[-43.01544707502195,-22.886683879657227],[-43.01544319984324,-22.886687191860315],[-43.01543932016798,-22.886690499566807],[-43.015435435096734,-22.886693801877374],[-43.01543154462952,-22.886697099691297],[-43.01542765236373,-22.886700390310665],[-43.015423754701956,-22.886703677332743],[-43.015419851644324,-22.886706959858227],[-43.015415944989364,-22.88671023518916],[-43.015412034737054,-22.88671350692274],[-43.015408119988216,-22.886716772361098],[-43.01540419984339,-22.88672003510149],[-43.015400277000666,-22.886723289747952],[-43.015396349661295,-22.886726539897815],[-43.015392416925934,-22.886729784651745],[-43.01538847969404,-22.886733024909088],[-43.015384539764185,-22.88673625977052],[-43.01538059533768,-22.886739490135284],[-43.015376647313886,-22.886742715104134],[-43.01537269209554,-22.88674593467706],[-43.0153687350785,-22.886749147055436],[-43.01536477176627,-22.88675235493716],[-43.01536080485672,-22.886755560120918],[-43.0153568352492,-22.886758757210803],[-43.015352860245756,-22.886761949804082],[-43.01534888164504,-22.886765139699353],[-43.01534490034631,-22.886768319702092],[-43.01534091185307,-22.886771499704842],[-43.015336919762504,-22.886774669815082],[-43.01533292497398,-22.886777837227346],[-43.01532892478953,-22.886781000142964],[-43.01532492010843,-22.88678415496471],[-43.01532091183011,-22.886787307088493],[-43.01531689995445,-22.886790452017657],[-43.015312881783544,-22.886793591550916],[-43.01530886181401,-22.886796726587562],[-43.01530483734781,-22.886799855328974],[-43.01530081018372,-22.88680298227174],[-43.01529677672433,-22.886806100221257],[-43.015292736969705,-22.886809211875544],[-43.01528869721508,-22.886812321731185],[-43.01528465206452,-22.88681542529158],[-43.01528060241732,-22.88681852165737],[-43.015276550072215,-22.886821615325196],[-43.01527418215723,-22.886823389687635],[-43.01527181244366,-22.886825156855444],[-43.01526943733412,-22.886826922224614],[-43.015267056828655,-22.886828676801905],[-43.01526467182659,-22.886830429580613],[-43.015262285025884,-22.886832175164702],[-43.01525989732586,-22.886833917151503],[-43.015257499733266,-22.8868356519437],[-43.01525510214073,-22.88683738223935],[-43.01525270005153,-22.88683910713902],[-43.0152502916671,-22.886840824844136],[-43.01524788238335,-22.88684253985124],[-43.0152454668043,-22.886844246764525],[-43.01524304672866,-22.88684595008047],[-43.01524062485443,-22.886847647101174],[-43.015238200282184,-22.88684933962523],[-43.01523577031402,-22.886851024954773],[-43.01523333494988,-22.88685270488835],[-43.01523089688784,-22.886854380325325],[-43.01522845522847,-22.886856050366337],[-43.01522600997187,-22.886857715011477],[-43.015223560218615,-22.88685937156267],[-43.015221106868026,-22.88686102541592],[-43.015218649920214,-22.88686267207456],[-43.01521619027445,-22.886864312438007],[-43.0152137252327,-22.88686595010345],[-43.01521125659367,-22.88686757967499],[-43.01520878525669,-22.886869202051944],[-43.01520631032243,-22.886870821730973],[-43.015203831790885,-22.88687243511473],[-43.01520134966201,-22.88687404220323],[-43.01519886213721,-22.886875644795076],[-43.01519637191452,-22.886877240192433],[-43.015193877195166,-22.886878830193808],[-43.01519137977779,-22.8868804147992],[-43.01518887966252,-22.886881994908066],[-43.01518637505065,-22.886883566922982],[-43.01518386684144,-22.886885135340634],[-43.015181355034954,-22.886886696563717],[-43.01517883963119,-22.886888255088838],[-43.01517631973083,-22.886889801922756],[-43.015173799830464,-22.88689134965599],[-43.01517127183617,-22.886892886597323],[-43.01516874204329,-22.886894419941452],[-43.01516620685443,-22.886895946990276],[-43.015163675262855,-22.886897466844548],[-43.01516113467808,-22.886898984900167],[-43.01515859229467,-22.88690049486186],[-43.0151560454146,-22.886901996729677],[-43.015153494937316,-22.886903496798844],[-43.01515093996336,-22.886904989673468],[-43.01514838229146,-22.886906477152113],[-43.0151458219216,-22.88690795743619],[-43.01514325975309,-22.886909432324355],[-43.015140692188666,-22.886910900017963],[-43.015138120127595,-22.88691236501355],[-43.01513554716725,-22.886913821915268],[-43.01513296971026,-22.88691527162242],[-43.015130389555296,-22.886916716832925],[-43.01512780490374,-22.886918160244843],[-43.01512522025219,-22.88691959196555],[-43.01512263020466,-22.886921020088923],[-43.01512003476127,-22.886922440118465],[-43.01511743661986,-22.88692385655068],[-43.015114836679814,-22.88692526668765],[-43.01511223494113,-22.886926672327963],[-43.015109626907204,-22.886928069874468],[-43.01510701977261,-22.886929462024987],[-43.01510440724208,-22.88693084967891],[-43.0151017902149,-22.886932230138225],[-43.01509917228846,-22.88693360520162],[-43.01509654986536,-22.88693497217113],[-43.015093924744306,-22.886936334644037],[-43.01509129512665,-22.886937689922405],[-43.01508866191167,-22.88693904160342],[-43.01508602689809,-22.886940385190574],[-43.01508339008582,-22.886941721583103],[-43.01508074967633,-22.88694305707637],[-43.01507810656882,-22.886944381777727],[-43.015075459864036,-22.88694570198251],[-43.01507280956197,-22.886947016791304],[-43.015070156561954,-22.886948325304864],[-43.01506750176328,-22.886949626623874],[-43.015064841568645,-22.88695092524491],[-43.015062182273326,-22.886952214872757],[-43.015059516682825,-22.886953497305992],[-43.015056850192956,-22.886954775242632],[-43.0150541801058,-22.88695604688397],[-43.01505150732068,-22.886957312230123],[-43.015048830038914,-22.886958572180305],[-43.015046150059234,-22.886959824935868],[-43.0150434673816,-22.886961072295566],[-43.01504078470391,-22.886962315158627],[-43.01503809483167,-22.886963549927792],[-43.01503540495943,-22.886964776603094],[-43.015032712389214,-22.886965999681053],[-43.01503001532241,-22.886967217363097],[-43.015027317356285,-22.88696842695125],[-43.015024614893505,-22.88696963204282],[-43.01502191243079,-22.88697082993977],[-43.01501920457209,-22.886972022440794],[-43.01501649491475,-22.88697320684795],[-43.01501378166013,-22.88697438675845],[-43.01501106660688,-22.88697555677643],[-43.01500834975498,-22.886976726794412],[-43.015005630205124,-22.886977886919876],[-43.01500290525935,-22.886979041649365],[-43.01500018031352,-22.886980190083623],[-43.01499745177047,-22.886981334920588],[-43.01499473222056,-22.886982465368384],[-43.014992007274785,-22.886983592218904],[-43.014989282328955,-22.886984710076227],[-43.01498655468522,-22.88698582163826],[-43.014983819846876,-22.886986929603058],[-43.01498108680717,-22.886988032171885],[-43.01497835196882,-22.8869891266468],[-43.014975615331835,-22.886990214826444],[-43.01497287239961,-22.886991296710875],[-43.01497012676937,-22.88699237230006],[-43.014967382038506,-22.886993441593994],[-43.01496463460968,-22.886994504592646],[-43.014961881784885,-22.886995562195384],[-43.014959129859406,-22.886996611704177],[-43.01495637523597,-22.88699765671643],[-43.01495361701526,-22.886998697232034],[-43.0149508569959,-22.88699972965376],[-43.0149480951779,-22.88700075488085],[-43.014945329762625,-22.887001774712044],[-43.014942561649335,-22.88700278734867],[-43.01493979173746,-22.887003794589386],[-43.01493702002689,-22.887004794635484],[-43.01493424741706,-22.887005790184983],[-43.01493147031058,-22.88700677674128],[-43.014928692304764,-22.887007759700246],[-43.01492590980236,-22.887008734565395],[-43.01492312729996,-22.887009704933877],[-43.014920342099586,-22.887010667208443],[-43.01491755510053,-22.887011624986453],[-43.01491476720221,-22.887012574670536],[-43.014911974807276,-22.887013517159996],[-43.01490917971434,-22.887014455152926],[-43.014906381923446,-22.887015385051903],[-43.01490358503187,-22.88701630955497],[-43.01490078724102,-22.88701722686343],[-43.01489798225556,-22.887018139675348],[-43.014895179968065,-22.887019045292636],[-43.01489237228459,-22.887019941916687],[-43.01488956190322,-22.887020836742145],[-43.01488675242116,-22.88702172167504],[-43.01488394024109,-22.887022604809296],[-43.01488112536312,-22.887023477151704],[-43.01487830958577,-22.887024344997457],[-43.014875492009836,-22.887025204749328],[-43.01487266993725,-22.887026060004615],[-43.0148698496633,-22.887026907165954],[-43.01486702489276,-22.887027749830704],[-43.014864197424245,-22.8870285853009],[-43.01486136995574,-22.88702941177783],[-43.014858539789216,-22.88703023465754],[-43.01485570692479,-22.887031050342642],[-43.014852874959686,-22.887031859732446],[-43.014850040296565,-22.88703266192774],[-43.01484720203623,-22.88703345692844],[-43.01484436197718,-22.887034250130473],[-43.01484152191814,-22.8870350352386],[-43.01483868006053,-22.887035809554874],[-43.01483583460557,-22.887036580273865],[-43.014832990049925,-22.887037344697625],[-43.01483014009837,-22.887038101926777],[-43.01482729194545,-22.887038854659313],[-43.0148244401952,-22.887039600197316],[-43.01482158664636,-22.887040336742047],[-43.01481873219821,-22.88704106968955],[-43.01481587505204,-22.887041791845117],[-43.0148130170066,-22.887042512202097],[-43.01481015986043,-22.887043225364465],[-43.0148072973184,-22.887043930432952],[-43.014804434776316,-22.887044630105517],[-43.01480157043559,-22.887045321684152],[-43.01479870519553,-22.88704600696754],[-43.01479583725753,-22.887046686855022],[-43.014792966621556,-22.887047362245905],[-43.01479009688491,-22.887048026844894],[-43.01478722534962,-22.88704868694729],[-43.014784352015695,-22.887049339855047],[-43.01478147688314,-22.887049987366954],[-43.01477859995187,-22.887050626784937],[-43.01477572212134,-22.887051261706254],[-43.0147728415928,-22.8870518903324],[-43.014769961963644,-22.88705250996529],[-43.01476707963646,-22.887053125101577],[-43.01476419730933,-22.887053732143922],[-43.0147613122842,-22.887054334689743],[-43.0147584245611,-22.887054927342973],[-43.014755536837995,-22.887055514600235],[-43.014752647316264,-22.887056097360954],[-43.0147497568952,-22.887056672027736],[-43.0147468646755,-22.887057240399223],[-43.01474397515376,-22.88705780157622],[-43.01474108023611,-22.887058357357233],[-43.01473818172117,-22.887058905044366],[-43.014735286803514,-22.88705944733553],[-43.01473239008722,-22.88705998513014],[-43.014729489773586,-22.887060512132877],[-43.01472658676205,-22.88706103194099],[-43.01472368734774,-22.887061549950516],[-43.014720785235525,-22.88706205716816],[-43.014717882223934,-22.887062559889124],[-43.014714974715744,-22.887063057214252],[-43.01471206990557,-22.887063544646782],[-43.01470916239738,-22.887064026683408],[-43.01470625488919,-22.887064505122762],[-43.01470334468304,-22.887064971870892],[-43.01470043537627,-22.887065436820393],[-43.01469752517012,-22.88706589187731],[-43.01424968167694,-22.88714731739472],[-43.01357566228644,-22.88726945522111],[-43.01313686687236,-22.88735992701893],[-43.01313325519506,-22.887360507081635],[-43.01312964171906,-22.887361091640997],[-43.01312603184034,-22.887361685193547],[-43.01312242465965,-22.88736228504134],[-43.013118814780924,-22.887362890285054],[-43.01311521029818,-22.887363501824073],[-43.01311160221811,-22.887364119658315],[-43.01310799683604,-22.887364744687112],[-43.01310439505126,-22.887365376910545],[-43.013100792367155,-22.887366017227833],[-43.013097189682995,-22.88736666204173],[-43.01309358969685,-22.887367314949554],[-43.013089992408666,-22.887367975051948],[-43.01308639512048,-22.887368639650926],[-43.013082796932984,-22.887369312343793],[-43.01307920234276,-22.88736999043263],[-43.01307560685321,-22.88737067661535],[-43.01307201675964,-22.887371369992678],[-43.01306842486737,-22.887372066967224],[-43.01306483477374,-22.887372774733674],[-43.01306124737814,-22.88737348519808],[-43.013057659982465,-22.887374204655735],[-43.01305407528481,-22.887374932207276],[-43.013050489687785,-22.887375661557456],[-43.013046904990134,-22.88737640169953],[-43.01304332478908,-22.88737714723745],[-43.01303974189001,-22.887377899970062],[-43.013036165286245,-22.88737865719921],[-43.013032586883824,-22.88737942162291],[-43.01302901028005,-22.88738019503992],[-43.01302543727356,-22.887380974752116],[-43.01302186156911,-22.88738175986023],[-43.01301829215994,-22.887382552162965],[-43.01301472005277,-22.887383349861604],[-43.01301114974423,-22.887384154754866],[-43.01300758483161,-22.887384966842696],[-43.01300401722109,-22.887385787024378],[-43.01300045500644,-22.88738661170268],[-43.01299689009387,-22.887387441776948],[-43.012993329677855,-22.88738828174374],[-43.01298977016122,-22.887389125307795],[-43.01298621244322,-22.88738997696581],[-43.01298265472521,-22.88739083491904],[-43.01297909970517,-22.887391700066832],[-43.012975547383085,-22.887392572409183],[-43.012971995061,-22.887393450147524],[-43.01296844543687,-22.887394335080412],[-43.01296489671206,-22.88739522540927],[-43.0129613497859,-22.88739612203332],[-43.01295780465843,-22.88739702675131],[-43.01295426222886,-22.887397936865195],[-43.01295071979935,-22.88739885507303],[-43.01294718006774,-22.887399779576093],[-43.012943640336196,-22.88740071217305],[-43.01294010510124,-22.887401646568623],[-43.01293656986629,-22.88740258995746],[-43.01293303732929,-22.887403542339506],[-43.0129295047923,-22.887404500117523],[-43.01292597495327,-22.88740546239207],[-43.012922446912874,-22.887406431861244],[-43.01291892157043,-22.887407406726336],[-43.012915397127315,-22.88740838968536],[-43.012911877180855,-22.887409379838935],[-43.012908357234345,-22.887410377187074],[-43.01290483728788,-22.88741137993113],[-43.012901320039376,-22.887412387171846],[-43.012897807287416,-22.88741340520439],[-43.012894291837554,-22.88741442503558],[-43.01289077998497,-22.887415454759346],[-43.012887271729674,-22.887416489879033],[-43.012883765273,-22.88741753219327],[-43.01288025971566,-22.887418579903482],[-43.01287675685633,-22.887419634808253],[-43.01287325489626,-22.887420695108936],[-43.01286975473484,-22.887421761704868],[-43.012866259969385,-22.887422837294054],[-43.0128627616066,-22.887423917379827],[-43.012859272237066,-22.887425004660173],[-43.01285578016957,-22.887426097336423],[-43.012852289900714,-22.887427199905257],[-43.01284880232983,-22.887428305172048],[-43.01284531655758,-22.887429416734125],[-43.012841835281925,-22.887430537289415],[-43.01283835220762,-22.88743166503925],[-43.012834871831345,-22.88743279728569],[-43.012831396850935,-22.887433934928055],[-43.01282792187056,-22.88743507976503],[-43.01282444958817,-22.887436231796613],[-43.01282098000367,-22.887437390123377],[-43.012817512217865,-22.887438554745447],[-43.01281404533138,-22.887439726562054],[-43.01281058024354,-22.887440904673916],[-43.012807119652294,-22.88744208728244],[-43.012803659960426,-22.88744327978347],[-43.01280020206714,-22.887444474982463],[-43.012796746871814,-22.88744568007402],[-43.01279329527382,-22.887446886964167],[-43.01278984187713,-22.88744810194825],[-43.012786394775745,-22.887449326824907],[-43.01278294677503,-22.887450555298837],[-43.01277950506957,-22.88745179006795],[-43.012776065162726,-22.88745303203174],[-43.01277262525589,-22.887454280290708],[-43.012769187147754,-22.887455534844975],[-43.01276575173752,-22.887456794795156],[-43.012762319924555,-22.88745806193995],[-43.01275888991031,-22.887459335379923],[-43.01275546529196,-22.8874606151152],[-43.0127520397743,-22.887461902045086],[-43.0127486151559,-22.88746319167288],[-43.01274519503416,-22.88746449209256],[-43.01274177671111,-22.88746579700884],[-43.012738361985285,-22.887467110019056],[-43.01273494995742,-22.88746842662649],[-43.01273153972825,-22.88746975222719],[-43.01272813219698,-22.887471082324534],[-43.01272472466577,-22.887472419616383],[-43.01272132163116,-22.887473762304207],[-43.01271792219383,-22.88747511218659],[-43.01271452185718,-22.88747646656563],[-43.01271112511781,-22.88747782993781],[-43.01270773467367,-22.887479196907314],[-43.012704342430894,-22.887480574668718],[-43.01270095198682,-22.887481955128035],[-43.01269756513996,-22.88748334188263],[-43.012694180091806,-22.887484736731132],[-43.01269079684228,-22.887486139673534],[-43.01268741719004,-22.887487545313906],[-43.01268404023576,-22.887488959947497],[-43.012680666878744,-22.88749037997698],[-43.01267729532039,-22.887491801805112],[-43.01267392466134,-22.887493235324452],[-43.012670560297586,-22.88749467513909],[-43.01266719503447,-22.887496116752313],[-43.01266383516732,-22.887497570056752],[-43.01266047530017,-22.88749902695846],[-43.012657119929614,-22.88750049015542],[-43.012653767257014,-22.887501956949702],[-43.012650417282394,-22.887503435435153],[-43.012647070005706,-22.887504916618553],[-43.01264372722569,-22.887506404996508],[-43.012640385344994,-22.887507899669775],[-43.01263704526288,-22.887509399738942],[-43.01263370697946,-22.88751090700267],[-43.012630374991275,-22.887512419662386],[-43.01262704480173,-22.88751393681864],[-43.012623717310156,-22.887515464766828],[-43.01262038981862,-22.887516995412938],[-43.01261706682364,-22.887518532354328],[-43.01261375012395,-22.887520077389603],[-43.01261043162556,-22.88752162512284],[-43.01260712032179,-22.887523181849268],[-43.01260380991734,-22.887524744871005],[-43.012600502210844,-22.88752631238932],[-43.01259719720237,-22.887527887102213],[-43.012593894891786,-22.887529467211074],[-43.012590595279235,-22.887531055413792],[-43.01258730016322,-22.887532647213817],[-43.01258400504726,-22.887534247107762],[-43.01258071532721,-22.887535849699614],[-43.01257743010377,-22.88753746218404],[-43.01257414488034,-22.887539080064442],[-43.01257086235485,-22.88754070513934],[-43.01256757982942,-22.887542334710897],[-43.01256430180054,-22.887543972376328],[-43.01256103006695,-22.887545615437737],[-43.012557760132005,-22.887547264794332],[-43.01255449019705,-22.887548916848942],[-43.0125512247587,-22.887550579695436],[-43.012547964716255,-22.887552247038478],[-43.01254470467383,-22.8875539197775],[-43.01254145002738,-22.887555599711074],[-43.012538197179495,-22.88755728504058],[-43.012534947029636,-22.887558974866717],[-43.01253170227569,-22.88756067008878],[-43.01252846021971,-22.887562375203366],[-43.01252521996237,-22.88756408481461],[-43.012521982403044,-22.88756579982171],[-43.01251875023957,-22.887567522023424],[-43.01251551987481,-22.8875692469231],[-43.012512292207994,-22.887570981715363],[-43.012509067239094,-22.887572720104878],[-43.0125058467669,-22.887574464789644],[-43.01250262989193,-22.887576216668972],[-43.012499414815586,-22.88757797484359],[-43.012496205135236,-22.88757974021277],[-43.01249299725346,-22.887581507380588],[-43.01248979206971,-22.887583281742963],[-43.01248659228185,-22.887585062400625],[-43.01248339519197,-22.887586850252845],[-43.01248019990079,-22.887588641702372],[-43.01247701000547,-22.88759044214512],[-43.012473821908834,-22.88759224708448],[-43.012470637409436,-22.88759405741976],[-43.01246745740668,-22.887595874949596],[-43.012464280101895,-22.88759769697608],[-43.01246110459575,-22.88759952529776],[-43.01245793178761,-22.887601359914775],[-43.01245476707329,-22.887603199927664],[-43.012451602359036,-22.88760504713517],[-43.012448442141384,-22.88760689704057],[-43.01244528731963,-22.887608756838603],[-43.01244213159857,-22.887610620233858],[-43.01243898217275,-22.887612489924408],[-43.01243583544488,-22.88761436501088],[-43.01243269231436,-22.88761624459394],[-43.012429551881795,-22.887618134968893],[-43.012426415046505,-22.887620025343807],[-43.01242328180849,-22.88762192471196],[-43.01242015486572,-22.887623830375414],[-43.01241702972158,-22.887625739636096],[-43.01241390727547,-22.887627655192063],[-43.01241079022527,-22.887629577043274],[-43.01240767497366,-22.887631505189717],[-43.01240456242005,-22.88763343963145],[-43.01240145526243,-22.887635376771158],[-43.01239834990339,-22.887637322004732],[-43.01239524994026,-22.88763927533219],[-43.012392151775835,-22.887641232256982],[-43.012389059906646,-22.887643191879732],[-43.0123859698361,-22.887645162294312],[-43.01238288516147,-22.887647135406915],[-43.0123798049835,-22.8876491148147],[-43.01237672480546,-22.887651099618463],[-43.01237365002341,-22.887653091616784],[-43.01237057973795,-22.887655087212433],[-43.01236751215045,-22.88765709000265],[-43.0123644472609,-22.887659099987413],[-43.012361386867966,-22.88766111177082],[-43.012358331871006,-22.887663129849475],[-43.012355279571935,-22.887665156921372],[-43.01235222997088,-22.887667186691218],[-43.01234918486643,-22.887669224554966],[-43.012346145157906,-22.88767126691536],[-43.012343107248064,-22.887673314671677],[-43.01234007473409,-22.887675366924586],[-43.01233704491814,-22.88767742727137],[-43.01233401690082,-22.887679492114813],[-43.01233099697738,-22.88768156235412],[-43.0123279797519,-22.887683637090124],[-43.01232496522443,-22.88768571991997],[-43.01232195519351,-22.887687807246408],[-43.01231894696129,-22.88768989996882],[-43.0123159450243,-22.887691997187822],[-43.01231294668459,-22.887694099802815],[-43.012309951942214,-22.88769620961229],[-43.012306959897735,-22.887698324817755],[-43.012303975047885,-22.887700445419135],[-43.01230099019797,-22.887702572315767],[-43.0122980116434,-22.887704701910387],[-43.01229503668607,-22.8877068395989],[-43.01229206532601,-22.887708981784016],[-43.012289100261235,-22.887711130264357],[-43.01228613519641,-22.887713285039997],[-43.0122831773262,-22.887715445211562],[-43.01228022215396,-22.887717609879726],[-43.012277269679736,-22.8877197799438],[-43.012274325299316,-22.887721951806576],[-43.01227138001965,-22.887724137159154],[-43.012268441934516,-22.8877263216124],[-43.01226550744668,-22.887728515058843],[-43.01226257475748,-22.887730712102574],[-43.012259650162164,-22.88773291724024],[-43.01225672736554,-22.88773512507586],[-43.01225380726687,-22.88773733740814],[-43.012250895262085,-22.887739556934914],[-43.012247985055936,-22.88774178185767],[-43.01224507664842,-22.88774401217634],[-43.012242177234164,-22.88774624519296],[-43.01223927692053,-22.887748487202842],[-43.01223638470084,-22.8877507319107],[-43.0122334951791,-22.887752984712417],[-43.01223061015402,-22.887755242010734],[-43.01222772692751,-22.887757504704975],[-43.01222485179496,-22.887759770097226],[-43.01222198025966,-22.887762045382],[-43.01221910692568,-22.887764325163374],[-43.012216239886996,-22.88776661213936],[-43.012213377344956,-22.88776890541058],[-43.012210516601506,-22.887771202279083],[-43.01220766215335,-22.887773501845547],[-43.01220481040317,-22.88777581220389],[-43.012201964948204,-22.88777812526022],[-43.0121991221912,-22.887780441913794],[-43.01219628483012,-22.887782766661275],[-43.012193450167054,-22.887785095006087],[-43.012190621799235,-22.88778742964606],[-43.01218779702869,-22.88778976968203],[-43.01218497675474,-22.887792115113967],[-43.01218216007807,-22.887794465042447],[-43.01217934969669,-22.8877968203669],[-43.01217654201327,-22.887799180187958],[-43.012173739725775,-22.88780154540493],[-43.01217094013625,-22.88780391691713],[-43.012168146841944,-22.887806292026678],[-43.01216535714497,-22.887808671632822],[-43.012162571944614,-22.887811060232167],[-43.01215979034153,-22.887813452428787],[-43.01215701503368,-22.887815850021383],[-43.01215424242379,-22.887818250311927],[-43.01215147520987,-22.88782065689773],[-43.01214871159324,-22.88782306977876],[-43.01214595517116,-22.887825487156448],[-43.012143202346365,-22.88782790993005],[-43.01214045221952,-22.887830337200263],[-43.0121377047907,-22.88783276986637],[-43.01213496725439,-22.88783520702909],[-43.012132229718084,-22.88783764958779],[-43.01212950027566,-22.887840100240368],[-43.0121267717326,-22.88784254999362],[-43.01212405038405,-22.887845009639392],[-43.01212133173352,-22.887847471983168],[-43.01211862027754,-22.887849939722887],[-43.012115912418906,-22.887852414657143],[-43.01211320725817,-22.887854892289365],[-43.012110510191356,-22.88785737531755],[-43.01210781492319,-22.887859861942985],[-43.01210512505095,-22.887862356662342],[-43.012102439675296,-22.887864854979025],[-43.01209975699767,-22.887867356892936],[-43.01209708241386,-22.887869866900775],[-43.012094412326704,-22.887872379606534],[-43.01209174493756,-22.88787489680898],[-43.012089082044966,-22.887877422105277],[-43.012086427246295,-22.887879950099506],[-43.012083772447575,-22.887882481691094],[-43.012081124843476,-22.88788502227586],[-43.012078481736026,-22.88788756465928],[-43.01207584492376,-22.887890112438672],[-43.012073209910184,-22.887892664714652],[-43.01207058209116,-22.887895222386497],[-43.01206795697011,-22.887897784555072],[-43.01206533724497,-22.887900352119484],[-43.01206272471445,-22.887902925079825],[-43.012060114881834,-22.8879055016375],[-43.01205750684791,-22.887908085389743],[-43.01205490690786,-22.88791067004129],[-43.012052315061744,-22.88791326188746],[-43.01204972501427,-22.887915860028876],[-43.01204713676538,-22.88791845996886],[-43.01204455661043,-22.88792106710346],[-43.012041980052814,-22.887923676936083],[-43.012039409790376,-22.887926294862524],[-43.012036844923905,-22.8879289118897],[-43.01203428185609,-22.887931537010747],[-43.012031725083496,-22.88793417022569],[-43.012029174606155,-22.88793680164198],[-43.012026626826824,-22.887939442051533],[-43.01202408534272,-22.887942086957665],[-43.012021550153875,-22.887944737259744],[-43.01201901676366,-22.88794739025976],[-43.01201648966874,-22.887950046857124],[-43.01201396976837,-22.887952709749666],[-43.01201145166659,-22.887955379836814],[-43.012008939860166,-22.887958051722617],[-43.01200643165095,-22.887960729903703],[-43.01200392973704,-22.88796340988339],[-43.01200143501769,-22.887966097057667],[-43.01172096704847,-22.888246562328927],[-43.01133193472044,-22.888744161713618],[-43.01092028174504,-22.889305094954093],[-43.01049053710808,-22.889915786784083],[-43.01039060534164,-22.89005611699613],[-43.01038423004764,-22.8900650670491],[-43.01037422239188,-22.890079121654054],[-43.010277924785846,-22.890214347314178],[-43.01003817182363,-22.890517429635594],[-43.00986141187412,-22.890727186610295],[-43.00977689178956,-22.890827481702857],[-43.00976627978941,-22.89084007670808],[-43.00969889988375,-22.890920035431204],[-43.00969581161184,-22.890923131796992],[-43.00969272244067,-22.89092622186754],[-43.00968962517551,-22.890929311938088],[-43.00968652161516,-22.89093239481408],[-43.00968341715544,-22.890935472294153],[-43.009680307299796,-22.890938545277578],[-43.009677190249604,-22.89094161196576],[-43.009674066904104,-22.890944675056662],[-43.00967094176003,-22.89094773455022],[-43.0096678121193,-22.890950786849288],[-43.00966467708265,-22.890953834651697],[-43.009661540247365,-22.89095687975614],[-43.00965839531814,-22.890959920363933],[-43.00965524499299,-22.89096295467656],[-43.00965209017125,-22.890965981794547],[-43.00964893175223,-22.890969007113913],[-43.00964576973593,-22.89097202703735],[-43.009642602323716,-22.890975039766168],[-43.00963942681757,-22.89097804979709],[-43.00963625221073,-22.890981055331366],[-43.00963306681207,-22.890984054570385],[-43.00962988231266,-22.890987050212146],[-43.00962668971943,-22.890990036860643],[-43.00962349532751,-22.890993021710493],[-43.00962029194239,-22.89099600206376],[-43.009617086758574,-22.890998977021106],[-43.00961387977618,-22.891001946582517],[-43.00961066469984,-22.89100491164729],[-43.00960744512697,-22.891007872215454],[-43.00960422195676,-22.891010824689744],[-43.00960099518921,-22.891013777164027],[-43.00959776032784,-22.891016719745746],[-43.00959452186914,-22.891019656931547],[-43.00959127981316,-22.89102259501666],[-43.00958803505922,-22.8910255250079],[-43.0095847822114,-22.891028446905207],[-43.00958152666557,-22.89103136700394],[-43.00957826662319,-22.891034281706673],[-43.009575002084155,-22.891037190114137],[-43.00957173214915,-22.891040094924364],[-43.009568456818286,-22.891042995237935],[-43.00956517968878,-22.89104588655832],[-43.009561897163294,-22.89104877697937],[-43.00955861014121,-22.891051660205875],[-43.009555316823885,-22.891054537137073],[-43.00955202170787,-22.891057412269703],[-43.00954872029667,-22.891060280207707],[-43.00954541528814,-22.891063141850417],[-43.009542104883685,-22.89106600169455],[-43.00953879178128,-22.891068855243386],[-43.009535472383575,-22.89107169979903],[-43.00953215028796,-22.891074545253986],[-43.00952882189706,-22.891077381715746],[-43.00952548990888,-22.89108021188221],[-43.00952215522274,-22.89108304025003],[-43.00951881514067,-22.891085862322615],[-43.009515469662645,-22.89108867989855],[-43.009512119688004,-22.891091490279987],[-43.00950876521677,-22.89109429526545],[-43.00950540714826,-22.89109709665362],[-43.00950204188519,-22.891099891746503],[-43.00949867662207,-22.891102682342847],[-43.009495305063766,-22.891105470241165],[-43.009491929908116,-22.891108250045612],[-43.00948855025582,-22.891111021756185],[-43.0094851670063,-22.89111379166805],[-43.00948177656222,-22.891116557083386],[-43.00947838521876,-22.891119315304106],[-43.00947498668075,-22.891122069927494],[-43.009471587243425,-22.89112481735637],[-43.00946817971215,-22.891127560288595],[-43.00946477218095,-22.89113029692557],[-43.009461356555796,-22.89113302996528],[-43.009457937333366,-22.891135756709755],[-43.00945451721163,-22.89113847985689],[-43.00945108989533,-22.89114119491015],[-43.00944765718311,-22.891143907265448],[-43.009444221772874,-22.89114660972817],[-43.00944078186604,-22.891149312190944],[-43.00943734016057,-22.89115200655979],[-43.009433892159855,-22.891154697331363],[-43.009430436964536,-22.891157380008984],[-43.00942697997063,-22.89116005998871],[-43.009423522077334,-22.891162731874516],[-43.0094200569895,-22.89116540196166],[-43.00941658740505,-22.89116806485421],[-43.00941311512259,-22.89117071965293],[-43.00940963744428,-22.891173371753634],[-43.00940615706794,-22.891176020257067],[-43.009402672195,-22.89117865976723],[-43.00939918192615,-22.89118129657949],[-43.009395689858664,-22.89118392709648],[-43.00939218969724,-22.89118655221753],[-43.00938869043519,-22.891189170144024],[-43.00938518487784,-22.891191785372516],[-43.00938167212594,-22.89119439160779],[-43.00937816027335,-22.891196995145123],[-43.00937464212547,-22.89119959238721],[-43.00937112038037,-22.89120218513263],[-43.009367595037936,-22.89120477158289],[-43.0093640651989,-22.89120735173784],[-43.009360529963956,-22.891209927396137],[-43.009356992031044,-22.891212496759263],[-43.00935344960148,-22.891215061625726],[-43.00934990177599,-22.891217620196954],[-43.00934635484988,-22.891220175170893],[-43.009342799829774,-22.891222722050912],[-43.009339242111764,-22.891225265333645],[-43.00933567989718,-22.891227802321136],[-43.00933211498455,-22.891230332114073],[-43.00932854467607,-22.89123286010831],[-43.00932496987094,-22.891235377310718],[-43.00932139236779,-22.891237891815166],[-43.009317812166735,-22.89124040182302],[-43.00931422477113,-22.891242904636247],[-43.009310634677504,-22.891245402053602],[-43.00930704188591,-22.891247894974317],[-43.009303447295686,-22.89125038159974],[-43.00929984461158,-22.891252861929978],[-43.00929624012884,-22.89125533686424],[-43.00929263204877,-22.891257807301916],[-43.00928901677418,-22.8912602723436],[-43.009285402398866,-22.89126273019079],[-43.00928178172832,-22.891265181742682],[-43.0092781565611,-22.891267629697293],[-43.00927453229327,-22.89127007225593],[-43.00927089993156,-22.891272506720753],[-43.00926726487184,-22.89127493668891],[-43.009263625315505,-22.891277364858436],[-43.0092599821619,-22.89127978223607],[-43.00925633541102,-22.89128219511715],[-43.0092526850628,-22.891284601702946],[-43.00924903021804,-22.891287004691453],[-43.00924537177594,-22.89128940228401],[-43.009241709736564,-22.891291791782656],[-43.00923804499922,-22.89129417678478],[-43.009234374865976,-22.891296554592234],[-43.009230702034706,-22.891298929701772],[-43.009227027404854,-22.89130129671738],[-43.00922334737902,-22.891303660135712],[-43.00921966195729,-22.891306014560847],[-43.0092159747369,-22.89130836718735],[-43.00921228481855,-22.89131070992127],[-43.009208586806274,-22.891313049957233],[-43.009204889693365,-22.891315381899254],[-43.00920118988246,-22.89131771024407],[-43.00919748197766,-22.891320032293574],[-43.00919377497218,-22.891322347148535],[-43.00919005987283,-22.89132465660756],[-43.00918634477342,-22.891326961569945],[-43.009182625177466,-22.891329260237082],[-43.009178900185546,-22.891331551709662],[-43.00917517159633,-22.89133383958497],[-43.0091714421078,-22.891336122064303],[-43.00916770722337,-22.891338397349074],[-43.00916397233891,-22.891340667237927],[-43.00916023025986,-22.891342929932218],[-43.00915648188556,-22.891345189928494],[-43.00915273530996,-22.891347440032256],[-43.00914898513703,-22.891349687438055],[-43.009145226870146,-22.891351926749934],[-43.00914147040198,-22.8913541615652],[-43.009137706739246,-22.89135639008523],[-43.00913394217714,-22.891358612310032],[-43.009130172219116,-22.891360830038224],[-43.00912639686517,-22.89136304237044],[-43.00912262241054,-22.891365246608785],[-43.009118845257944,-22.891367444551836],[-43.00911506001149,-22.89136963979697],[-43.00911127476496,-22.891371825149548],[-43.00910748502186,-22.891374006904837],[-43.00910368988282,-22.89137618506279],[-43.00909989474378,-22.891378355126932],[-43.009096095108134,-22.891380517097126],[-43.00909229007659,-22.891382674570675],[-43.00908848504498,-22.891384826648355],[-43.009084671919545,-22.891386975128714],[-43.009080859693384,-22.891389114615855],[-43.00907704476925,-22.891391246908462],[-43.00907322175124,-22.891393374704386],[-43.00906940233052,-22.89139549980243],[-43.009065574815864,-22.89139761500783],[-43.009061741905334,-22.89139972661601],[-43.009057909894075,-22.891401830130256],[-43.00905407518486,-22.891403930047225],[-43.00905023507971,-22.891406021870324],[-43.00904639227662,-22.89140810739817],[-43.00904254497693,-22.891410186630726],[-43.009038694979225,-22.891412264963975],[-43.009034842283604,-22.891414331606054],[-43.00903098688997,-22.8914163946508],[-43.00902712699974,-22.891418452299632],[-43.00902326531088,-22.89142050185458],[-43.009019400024734,-22.891422546912935],[-43.00901553204062,-22.89142458477668],[-43.009011659559874,-22.891426617244488],[-43.00900778528052,-22.891428645215704],[-43.00900390740384,-22.891430665093047],[-43.009000025030566,-22.89143267687646],[-43.00899613995932,-22.891434686861235],[-43.00899225219014,-22.891436689651446],[-43.00898836172297,-22.891438685247035],[-43.00898446675917,-22.891440677245402],[-43.00898057179541,-22.89144266025047],[-43.008976672335,-22.891444636960355],[-43.008972770176634,-22.891446610072908],[-43.00896886172302,-22.891448575091573],[-43.008964955068066,-22.89145053471432],[-43.008961040319214,-22.891452489840464],[-43.00895712467099,-22.8914544368727],[-43.00895320722418,-22.891456376710348],[-43.00894928528073,-22.891458314749368],[-43.008945362438,-22.891460244694454],[-43.00894143509862,-22.891462167444985],[-43.00893750506129,-22.891464084799587],[-43.00893357232593,-22.891465994959642],[-43.008929635094034,-22.891467899723715],[-43.00892569516412,-22.8914697999912],[-43.00892175523427,-22.8914716921648],[-43.00891780990844,-22.89147357714379],[-43.00891386008602,-22.891475456726848],[-43.00890991026359,-22.891477331813324],[-43.00890595504525,-22.891479199705227],[-43.008901999826904,-22.891481062201155],[-43.008898040111895,-22.89148291660322],[-43.00889407679966,-22.891484767407995],[-43.00889010989011,-22.891486610118903],[-43.00888614208124,-22.891488447433826],[-43.00888217157439,-22.891490276654878],[-43.008878196570954,-22.891492102278647],[-43.00887421976888,-22.89149391980848],[-43.00887024026884,-22.8914957319424],[-43.00886625986942,-22.891497539579717],[-43.008862274973474,-22.891499340022474],[-43.008858287379496,-22.89150113506926],[-43.008854295288934,-22.89150292022353],[-43.008850302299045,-22.89150470178046],[-43.00884630481256,-22.891506477042203],[-43.008842304628104,-22.891508246907986],[-43.008838301745705,-22.891510009579196],[-43.008834299762555,-22.891511766854507],[-43.008830289685605,-22.89151351693518],[-43.008826282306536,-22.89151525982131],[-43.0088222668336,-22.891517000009486],[-43.00881825225997,-22.89151873030508],[-43.00881423498839,-22.891520455204756],[-43.00881021501886,-22.891522174708502],[-43.00880618965341,-22.891523887017705],[-43.008802165187205,-22.891525592132286],[-43.00879813532516,-22.891527291850956],[-43.00879410186577,-22.891528987073023],[-43.008790070205016,-22.891530675100487],[-43.00878603224903,-22.89153235503405],[-43.00878199159507,-22.89153403226967],[-43.008777950041804,-22.891535696914815],[-43.0087739066899,-22.891537361559894],[-43.00876985974065,-22.89153901990974],[-43.00876581009351,-22.891540670165707],[-43.00876175684903,-22.891542312327793],[-43.00875770180597,-22.891543949993242],[-43.0087536449642,-22.89154557956479],[-43.00874958542448,-22.891547201941727],[-43.008745522287484,-22.891548821620773],[-43.00874149512333,-22.89155041971602],[-43.008737461664005,-22.891552012415353],[-43.008733430003254,-22.891553597020817],[-43.008729392047265,-22.891555177129668],[-43.008725354990595,-22.891556750043915],[-43.00872131163869,-22.89155831486428],[-43.00871727008541,-22.89155987518799],[-43.00871322493481,-22.89156143011584],[-43.00870917708631,-22.89156297694975],[-43.00870512474114,-22.89156451658911],[-43.00870107239604,-22.891566055329093],[-43.00869701735292,-22.891567585075922],[-43.00869295691388,-22.891569106728827],[-43.00868890007212,-22.891570622086437],[-43.008684836935124,-22.891572132048193],[-43.00868077199949,-22.891573634815334],[-43.0086767052652,-22.891575134884494],[-43.00867263493359,-22.89157662506111],[-43.008668561904074,-22.89157810984184],[-43.00866448977383,-22.891579590125918],[-43.00866041494567,-22.89158106231607],[-43.008656334721536,-22.891582530009682],[-43.00865225539673,-22.891583986911385],[-43.008648171575324,-22.89158544201447],[-43.00864408685459,-22.89158688992292],[-43.00864000033523,-22.89158832973757],[-43.008635910218516,-22.89158976505556],[-43.008631817403916,-22.891591194977565],[-43.008627721891294,-22.891592616805752],[-43.00862362727804,-22.89159403233864],[-43.00861952996678,-22.891595441576293],[-43.008615429957565,-22.891596845418025],[-43.008611327250385,-22.89159824206515],[-43.008607220046606,-22.891599632417037],[-43.00860311194351,-22.891601014674986],[-43.00859900473972,-22.891602395134353],[-43.00859489483799,-22.89160376480183],[-43.00859078043959,-22.891605129972692],[-43.008586665141934,-22.891606489747645],[-43.00858254714627,-22.891607842327993],[-43.008578427352006,-22.891609186814463],[-43.00857430485974,-22.89161052680427],[-43.00857018236747,-22.89161185959958],[-43.00856605717724,-22.891613186998914],[-43.00856192659109,-22.891614509901643],[-43.008557796904256,-22.891615822012483],[-43.00855366721743,-22.891617129626777],[-43.00854953213462,-22.89161843004646],[-43.00854539525324,-22.891619726868807],[-43.00854125657315,-22.891621014698018],[-43.00853711699381,-22.8916222998292],[-43.00853297471645,-22.891623575067875],[-43.00852883243908,-22.89162484491057],[-43.0085246865645,-22.891626106659395],[-43.008520539790545,-22.891627364810944],[-43.008516390318626,-22.89162861217064],[-43.00851223724942,-22.891629856832335],[-43.00850808507949,-22.891631095198786],[-43.008503926614374,-22.891632327270006],[-43.00849976994789,-22.891633552146658],[-43.00849561238204,-22.891634769828695],[-43.00812014992442,-22.891693577396573],[-43.007468744886125,-22.891793097273556],[-43.007115740298616,-22.891851931821144],[-43.00710912218768,-22.8918530352893],[-43.006953050242544,-22.891879047280128],[-43.006948461901466,-22.891879727167602],[-43.00694387176174,-22.89188039986047],[-43.00693928162202,-22.891881067157474],[-43.006934689683646,-22.891881729957813],[-43.00693009684596,-22.891882381966262],[-43.006925504907606,-22.891883030377496],[-43.006920910271226,-22.891883669795472],[-43.006916317433536,-22.89188430201883],[-43.006911720099254,-22.89188492974566],[-43.00690712186565,-22.89188555027786],[-43.00690252722928,-22.89188616541415],[-43.00689792719704,-22.89188677155718],[-43.00689332986275,-22.891887372304293],[-43.00688872983045,-22.891887964957526],[-43.00688412710026,-22.89188855221484],[-43.00687952526931,-22.89188913227755],[-43.0068749216398,-22.891889706944333],[-43.006870319808854,-22.891890271718612],[-43.00686571527996,-22.891890834694177],[-43.0068611098518,-22.891891385079273],[-43.00685650172563,-22.89189193186709],[-43.00685189719673,-22.89189247505763],[-43.006847289969926,-22.89189300655695],[-43.00684268004511,-22.891893531760985],[-43.0068380701203,-22.891894051569164],[-43.00683346019549,-22.891894566880666],[-43.00682885027067,-22.89189507499762],[-43.00682423674857,-22.891895575020698],[-43.00681962682376,-22.891896066949847],[-43.00681501240235,-22.89189655168443],[-43.00681039977957,-22.891897031922404],[-43.0068057871568,-22.891897504965776],[-43.00680117003742,-22.891897971713973],[-43.00679655471669,-22.89189843216681],[-43.00679194029528,-22.891898885425142],[-43.00678732227652,-22.89189933238819],[-43.00678270515716,-22.891899772156673],[-43.00677808533982,-22.891900204730597],[-43.00677346732113,-22.8919006301099],[-43.006768846604416,-22.891901050093303],[-43.00676423488097,-22.891901461982833],[-43.00675961686227,-22.891901866677728],[-43.006755002440855,-22.89190226507738],[-43.00675038532148,-22.89190265718181],[-43.00674577000075,-22.891903042091624],[-43.006741151982,-22.89190342160557],[-43.00673653486263,-22.891903794824167],[-43.0067319150453,-22.89190415994895],[-43.0067272970266,-22.89190451697979],[-43.00672267720922,-22.891904866816073],[-43.006718057391886,-22.891905212155763],[-43.00671343667523,-22.891905552099473],[-43.006708815059206,-22.891905884848622],[-43.00670419524187,-22.891906210403217],[-43.006699571827205,-22.891906526964554],[-43.00669495021123,-22.891906839928623],[-43.006690326796615,-22.8919071447988],[-43.00668570158331,-22.891907441575107],[-43.00668107996734,-22.89190773475409],[-43.00667645475403,-22.89190801714122],[-43.006671832238744,-22.891908295031698],[-43.0066672052268,-22.89190856662699],[-43.00666258001349,-22.891908831927],[-43.00665795480023,-22.89190909003238],[-43.006653326888966,-22.891909340043945],[-43.006648701675715,-22.891909584659537],[-43.00664407466377,-22.89190982208058],[-43.00663944675251,-22.891910055004956],[-43.00663481974062,-22.8919102771375],[-43.006630191829345,-22.891910494773434],[-43.0066255648174,-22.891910707013462],[-43.00662093690614,-22.89191091026023],[-43.00661630719628,-22.89191110721177],[-43.00661168018434,-22.89191129966665],[-43.00660704957511,-22.891911482229062],[-43.00660241986521,-22.89191166029482],[-43.00659779015536,-22.891911830266697],[-43.006593160445455,-22.89191199484261],[-43.00658852983622,-22.891912152223963],[-43.00658390012632,-22.891912302410756],[-43.00657926681914,-22.891912445402934],[-43.00657463710929,-22.891912582099923],[-43.006570007399375,-22.891912709803616],[-43.00656537499152,-22.891912834809403],[-43.006560745281604,-22.891912951721245],[-43.00655611197442,-22.891913062337863],[-43.00655148226451,-22.891913164860593],[-43.006546849856704,-22.891913261987355],[-43.006542217448846,-22.891913351919552],[-43.00653758504098,-22.8919134346572],[-43.006532951733796,-22.891913510200283],[-43.00652832022524,-22.891913580347385],[-43.00652368691806,-22.891913642400617],[-43.00651905990611,-22.891913699957197],[-43.00651443199491,-22.89191374672194],[-43.00650980498296,-22.891913791688033],[-43.00650517707169,-22.891913826761616],[-43.0065005500598,-22.89191385733855],[-43.00649592214854,-22.891913877123635],[-43.00649129513659,-22.89191389511009],[-43.006486667225374,-22.891913905002664],[-43.00648204021343,-22.89191390500266],[-43.00647741230216,-22.891913902304648],[-43.00647278169299,-22.891913889714175],[-43.006468154681045,-22.891913871727727],[-43.006463526769785,-22.891913850143993],[-43.006458899757895,-22.891913816869103],[-43.00645427184662,-22.891913779996877],[-43.006449644834674,-22.891913735030776],[-43.00644501692347,-22.891913681970745],[-43.006440389911525,-22.891913625313492],[-43.00643576200025,-22.891913559662978],[-43.00643113498836,-22.891913490415185],[-43.00642650977505,-22.89191341217414],[-43.00642188186379,-22.891913324939903],[-43.006417254851904,-22.891913235007703],[-43.00641262694064,-22.89191313698162],[-43.00640800172732,-22.89191303176093],[-43.00640337471544,-22.891912920244994],[-43.00639874680417,-22.89191279973581],[-43.006394121590866,-22.891912674730097],[-43.00638949727693,-22.89191254522771],[-43.00638487026499,-22.891912404933493],[-43.00638024505174,-22.891912260142618],[-43.00637561983842,-22.891912109955822],[-43.00637099732314,-22.891911949876516],[-43.00636637031119,-22.89191178170327],[-43.006361745097884,-22.89191161173144],[-43.00635712168327,-22.89191143186698],[-43.006352497369285,-22.891911246606668],[-43.006347874853994,-22.891911055051043],[-43.006343252338695,-22.891910857200184],[-43.006338627125395,-22.891910652154785],[-43.006334004610096,-22.891910437216804],[-43.00632938209475,-22.89191021958092],[-43.00632475957946,-22.891909994750357],[-43.006320137064115,-22.891909761825975],[-43.00631551724678,-22.891909519908353],[-43.00631089473143,-22.891909275292765],[-43.0063062749141,-22.891909021683915],[-43.00630165509677,-22.89190876177982],[-43.00629703527938,-22.891908500077154],[-43.00629241186477,-22.89190822488459],[-43.00628779474539,-22.891907946994106],[-43.00628317492801,-22.891907660110373],[-43.00627855690931,-22.891907366931346],[-43.00627393978994,-22.891907066557824],[-43.00626931997261,-22.891906761687633],[-43.00626470465187,-22.891906446924928],[-43.00626008663313,-22.891906130363527],[-43.006255470413066,-22.891905802110987],[-43.00625085509234,-22.89190547026115],[-43.006246239771606,-22.89190513031744],[-43.006241627148825,-22.89190478227979],[-43.00623701002946,-22.89190442974555],[-43.006232397406684,-22.891904070016743],[-43.0062277847839,-22.89190370489197],[-43.006223172161135,-22.891903329874676],[-43.006218556840395,-22.89190295215942],[-43.00621394691558,-22.891902564551657],[-43.006209336990764,-22.891902172447224],[-43.00620472526732,-22.89190177224892],[-43.006200117141134,-22.891901364856007],[-43.00619550721632,-22.891900952067232],[-43.00619089998947,-22.89190053208383],[-43.00618629006471,-22.891900104905822],[-43.006181681938536,-22.891899672331956],[-43.00617707471167,-22.891899231664155],[-43.006172470182776,-22.891898784701052],[-43.006167864754616,-22.891898332342084],[-43.00616326022572,-22.891897871889203],[-43.0061586547975,-22.89189740514106],[-43.00615405206731,-22.891896932097623],[-43.006149450236364,-22.891896451859708],[-43.00614484660685,-22.891895965326473],[-43.00614024477591,-22.89189547159864],[-43.006135644743665,-22.891894971575617],[-43.00613104471137,-22.89189446525731],[-43.006126444679126,-22.89189395174437],[-43.00612184734484,-22.891893431936264],[-43.00611725001051,-22.89189290493354],[-43.00611265177691,-22.89189237163558],[-43.00610805714058,-22.89189183024368],[-43.00610346160494,-22.891891285254555],[-43.00609886696856,-22.891890732171504],[-43.006094272332234,-22.89189017009519],[-43.00608968039386,-22.89188960172364],[-43.00608508665687,-22.891889029754818],[-43.00608049741647,-22.891888449692114],[-43.006075907276745,-22.891887865132812],[-43.006071317137014,-22.891887269781616],[-43.00606672699729,-22.891886669933832],[-43.006062142253484,-22.89188606469005],[-43.006057554811775,-22.89188544955377],[-43.00605297006797,-22.89188482992088],[-43.00604838172689,-22.891884204892072],[-43.00604379698308,-22.891883569970695],[-43.00560500516628,-22.89173428970562],[-43.005472429808215,-22.891674927255984],[-43.00542552206963,-22.891653925388283],[-43.00541675188106,-22.89164999714958],[-43.004998836926234,-22.89146286981551],[-43.00499542040176,-22.89146109005716],[-43.004992000280026,-22.8914593120975],[-43.004988576561004,-22.89145754492969],[-43.00498515014402,-22.89145577956052],[-43.0049817201297,-22.891454022285203],[-43.00497828741748,-22.891452272204525],[-43.00497485200725,-22.8914505248218],[-43.00497141210042,-22.89144878463364],[-43.004967972193576,-22.891447051640018],[-43.00496452689084,-22.89144532494171],[-43.00496107709147,-22.89144360184067],[-43.00495762729213,-22.89144188683352],[-43.004954172096795,-22.891440177222336],[-43.004950715102886,-22.89143847480571],[-43.00494725720961,-22.891436776885683],[-43.004943794819724,-22.89143508705954],[-43.00494032703392,-22.891433399931397],[-43.00493686014744,-22.891431721796458],[-43.004933385167014,-22.89143004995677],[-43.0049299119853,-22.891428381714352],[-43.004926435206244,-22.891426721565857],[-43.004922954829965,-22.891425066813294],[-43.00491946995703,-22.891423420154663],[-43.00491598508409,-22.891421777093257],[-43.00491249481524,-22.89142014212579],[-43.004909001848375,-22.8914185116549],[-43.004905507082924,-22.89141688658],[-43.00490200961951,-22.89141526959892],[-43.00489850676013,-22.891413659812454],[-43.004895004800055,-22.891412051824624],[-43.00489150014203,-22.89141045193074],[-43.00488799008809,-22.891408860130717],[-43.004884477336184,-22.89140727192798],[-43.00488096188633,-22.89140569541641],[-43.00487744463782,-22.891404119804207],[-43.0048739246913,-22.891402552285875],[-43.004870400248194,-22.89140099016347],[-43.004866874905815,-22.891399435235677],[-43.00486334686542,-22.891397884804483],[-43.00485981702638,-22.891396339769223],[-43.00485628179143,-22.8913948019285],[-43.004852744757784,-22.891393272181716],[-43.00484920682487,-22.891391746931472],[-43.004845665294674,-22.891390229775222],[-43.004842120167154,-22.891388717115504],[-43.00483857234167,-22.89138720985179],[-43.004835021818224,-22.89138571158125],[-43.00483147039551,-22.891384216907998],[-43.00482791537541,-22.89138273032866],[-43.00482435675809,-22.891381250044585],[-43.00482079724145,-22.891379775156423],[-43.00481723232883,-22.89137830476485],[-43.004813667416265,-22.891376845165187],[-43.004810099805695,-22.891375387364146],[-43.00480652679919,-22.89137393675767],[-43.00480295469202,-22.89137249514445],[-43.00479937988688,-22.891371057128502],[-43.004795802383796,-22.891369627206437],[-43.004792220384104,-22.891368201781024],[-43.00478863658577,-22.891366781751476],[-43.00478505188806,-22.891365371614512],[-43.00478146179449,-22.89136396507486],[-43.00477787170086,-22.891362566629052],[-43.0047742798086,-22.89136117178057],[-43.004770681621096,-22.89135978682461],[-43.00476708523223,-22.89135840726461],[-43.00476348524609,-22.891357032201228],[-43.004759881662665,-22.891355665231714],[-43.004756277179865,-22.89135430185948],[-43.004752669999164,-22.891352950178455],[-43.004749060120446,-22.891351600296023],[-43.00474544484587,-22.891350256708925],[-43.00474183226919,-22.89134892211498],[-43.004738215195914,-22.891347592017684],[-43.00473459542468,-22.89134627001428],[-43.0047237217218,-22.891342337278978],[-43.00472009205805,-22.891341039557258],[-43.004716462394235,-22.89133974992942],[-43.004712830032524,-22.89133846479822],[-43.004709194972804,-22.891337185062945],[-43.00470555721512,-22.891335915220253],[-43.00470191496083,-22.891334647176137],[-43.00469827180722,-22.891333387225952],[-43.004694626854985,-22.89133213716834],[-43.00469098190273,-22.891330889808632],[-43.00468733515185,-22.89132964694559],[-43.00468368210568,-22.891328414874373],[-43.00468002995888,-22.891327187299762],[-43.00467637511405,-22.891325966919766],[-43.00467271667196,-22.89132475193568],[-43.004669057330595,-22.891323545045474],[-43.00466539529123,-22.891322341752602],[-43.00466173235253,-22.891321150150898],[-43.004658066715876,-22.891319960347825],[-43.004654396582566,-22.891318776839988],[-43.00465072734863,-22.891317602325405],[-43.00464705541674,-22.891316432307438],[-43.00464337988751,-22.891315270383334],[-43.00463970525766,-22.891314114754515],[-43.004636027030465,-22.891312961823672],[-43.004632345206005,-22.891311819684645],[-43.00462866518018,-22.891310684740258],[-43.00462497975843,-22.89130955159444],[-43.00462129523601,-22.891308430139844],[-43.00461760531766,-22.891307312282585],[-43.00461391539932,-22.891306199821177],[-43.004610221883695,-22.891305094554376],[-43.00460653016665,-22.891303997381527],[-43.00460283215443,-22.891302907403162],[-43.00459913504147,-22.891301821921477],[-43.00459543523061,-22.89130074183568],[-43.004591731822416,-22.891299669843782],[-43.00458803021286,-22.891298605046497],[-43.004584325006014,-22.89129754744377],[-43.00458061530259,-22.891296495237007],[-43.004576907397784,-22.891295450224764],[-43.004573196795036,-22.89129440970916],[-43.004569485292954,-22.891293377287443],[-43.00456577019361,-22.891292350261683],[-43.00456205239624,-22.89129133222914],[-43.004558334598926,-22.89129031689455],[-43.00455461500291,-22.891289309653832],[-43.00455089180962,-22.89128830960774],[-43.00454717041504,-22.891287316756205],[-43.00454344182583,-22.8912863301999],[-43.004539716833904,-22.89128534724087],[-43.00453599004333,-22.891284375073752],[-43.00453225695753,-22.89128340740327],[-43.00452852477105,-22.891282446927306],[-43.00452479168524,-22.891281491847295],[-43.00452105680079,-22.891280544861186],[-43.00451732011765,-22.891279605069624],[-43.004513579837294,-22.89127866977472],[-43.00450984225483,-22.891277741674358],[-43.00450610017583,-22.891276819869258],[-43.00450235539881,-22.891275905258766],[-43.00449860972253,-22.891274996943505],[-43.004494862247554,-22.89127409492348],[-43.00449111477258,-22.891273200098013],[-43.004487361901674,-22.89127231156786],[-43.004483611728745,-22.891271430232244],[-43.00447985975716,-22.891270555191877],[-43.00447610508763,-22.891269687346117],[-43.00447234682081,-22.89126882489628],[-43.00446859215122,-22.891267969641],[-43.00446483208577,-22.891267119781705],[-43.00446107022167,-22.891266279814914],[-43.00445731015616,-22.891265441646762],[-43.0044535446948,-22.89126461516977],[-43.00444978193133,-22.891263792290115],[-43.00444601467126,-22.891262974806384],[-43.00444224471329,-22.891262167215157],[-43.004438476553894,-22.891261365019908],[-43.004434704797234,-22.891260570019227],[-43.004430934839206,-22.891259780414458],[-43.00442716218321,-22.89125899710498],[-43.004423385030634,-22.89125822009069],[-43.00441960697872,-22.891257452069706],[-43.004415831624776,-22.891256686746626],[-43.00441205177423,-22.891255934913403],[-43.00440827192363,-22.89125518487882],[-43.00440449027445,-22.891254442038786],[-43.00440070682663,-22.891253704594728],[-43.00439692517739,-22.891252975244548],[-43.00439313993092,-22.891252252189613],[-43.00438935198645,-22.89125153722861],[-43.00438556494129,-22.891250826764146],[-43.004381775198226,-22.891250125293002],[-43.00437798185783,-22.891249430117025],[-43.00437419211471,-22.891248740337033],[-43.004370399673626,-22.891248056852273],[-43.004366607232555,-22.89124737966275],[-43.00436281029488,-22.891246712365806],[-43.00435901515584,-22.891246046867504],[-43.004355217318846,-22.89124539216104],[-43.004351416783884,-22.891244741951226],[-43.00434761714825,-22.891244101633927],[-43.0043438166133,-22.89124346491391],[-43.00434001517902,-22.891242837187093],[-43.00433621194605,-22.891242212158286],[-43.0043324069145,-22.891241597021995],[-43.00432860188289,-22.891240989979643],[-43.004324795052696,-22.89124038473587],[-43.004320987323126,-22.891239790284],[-43.004317179593606,-22.891239200328776],[-43.004313370065404,-22.891238616668737],[-43.004309559637925,-22.891238042001948],[-43.00430574741176,-22.89123747183178],[-43.004301935185595,-22.89123691155416],[-43.004298122060106,-22.89123635487382],[-43.00429430713603,-22.891235807186685],[-43.00429049221191,-22.89123526489547],[-43.00428667728777,-22.89123472979886],[-43.004282856967734,-22.891234200098186],[-43.00427904024497,-22.891233676692732],[-43.004275219924914,-22.8912331649785],[-43.00427140230283,-22.8912326550629],[-43.00426758018414,-22.891232155039827],[-43.00426375716608,-22.89123165681545],[-43.00425993504739,-22.891231170282218],[-43.004256110230756,-22.89123069004423],[-43.00425228721275,-22.89123021160489],[-43.00424846239604,-22.891229744856755],[-43.00424463488144,-22.891229281705897],[-43.0042408100648,-22.891228826648984],[-43.00423697985218,-22.891228379685877],[-43.00423315233758,-22.891227939917403],[-43.004229324822916,-22.891227504645574],[-43.00422549191239,-22.891227076568235],[-43.00422166169977,-22.89122665478621],[-43.004217829688514,-22.89122624199737],[-43.00421399677799,-22.8912258346045],[-43.00421016476673,-22.89122543170824],[-43.004206331856146,-22.891225039603817],[-43.00420249714699,-22.891224651995998],[-43.004198662437766,-22.891224271582786],[-43.00419482682923,-22.89122389656549],[-43.004190992120016,-22.891223529642136],[-43.00418715471284,-22.891223169913278],[-43.00418331730572,-22.89122281737903],[-43.00417947989853,-22.891222470240756],[-43.0041756397934,-22.891222130296995],[-43.004171799688265,-22.891221794849884],[-43.00416796228109,-22.8912214701946],[-43.00416412037731,-22.89122115003598],[-43.004160280272174,-22.89122083527322],[-43.00415643656975,-22.891220530403093],[-43.004152594665975,-22.89122023002951],[-43.00414875186283,-22.891219936850547],[-43.00414490995905,-22.891219649966814],[-43.00414106715595,-22.89121937207628],[-43.0041372216549,-22.89121909958171],[-43.004133377053165,-22.891218831583753],[-43.00412953155211,-22.891218575276948],[-43.00412568695031,-22.891218321668156],[-43.004121839650615,-22.89121807525387],[-43.00411799504888,-22.89121783693357],[-43.004114146849815,-22.891217604908462],[-43.00411029955012,-22.891217381876594],[-43.004106452250426,-22.89121716244201],[-43.004102604950724,-22.891216952000622],[-43.00409875495301,-22.891216745156576],[-43.004094906754005,-22.891216550003676],[-43.00409105675629,-22.891216356649487],[-43.00408720675863,-22.89121617228843],[-43.00408336035826,-22.891215995122],[-43.00407951036055,-22.891215825150113],[-43.004075656765565,-22.891215659674884],[-43.00407180676791,-22.891215502293537],[-43.00406795677025,-22.891215350308098],[-43.00406410677254,-22.89121520731587],[-43.004060254976245,-22.891215069719603],[-43.004056404978535,-22.891214940217218],[-43.00405255228293,-22.891214815211494],[-43.00404869958726,-22.891214700098224],[-43.00404484689158,-22.89121458678366],[-43.004040995095295,-22.891214485160308],[-43.004037142399625,-22.891214389832133],[-43.004033289704005,-22.89121429989992],[-43.00402943700834,-22.891214217162336],[-43.00402558521205,-22.891214139820608],[-43.00402172981842,-22.891214069673502],[-43.00401491025934,-22.89121364519351],[-43.00400808980094,-22.891213225210116],[-43.00400126664459,-22.89121281242128],[-43.00399444528687,-22.891212405028362],[-43.00398762213052,-22.891212006628706],[-43.00398079987349,-22.891211615423654],[-43.00397397671707,-22.89121122691651],[-43.003967151762076,-22.891210850100578],[-43.00396032680709,-22.891210476881913],[-43.00395350455005,-22.8912101117572],[-43.00394667959505,-22.891209754726297],[-43.00393985464,-22.89120940219206],[-43.003933029685015,-22.89120905685243],[-43.00392620473002,-22.891208716908665],[-43.003919377077004,-22.891208386857468],[-43.00391255032338,-22.891208062202253],[-43.003905725368384,-22.891207744741525],[-43.003898896816054,-22.89120743177747],[-43.00389207006241,-22.89120712690728],[-43.00388524240946,-22.891206830131036],[-43.00387841475646,-22.89120653965002],[-43.003871587103504,-22.891206254564935],[-43.00386475675259,-22.8912059766744],[-43.003857929998894,-22.891205706877788],[-43.00385109964799,-22.891205445175064],[-43.00384427019634,-22.89120518706963],[-43.003837441644066,-22.891204937058117],[-43.00383061219242,-22.89120469514048],[-43.003823781841504,-22.891204456820123],[-43.003816949691895,-22.891204230190993],[-43.0038101202403,-22.89120400715913],[-43.00380328988939,-22.891203790422498],[-43.00379645684046,-22.891203579981173],[-43.00378962738881,-22.89120337673435],[-43.0037827970379,-22.891203179782817],[-43.00377596488829,-22.89120299182454],[-43.00376913183942,-22.8912028101615],[-43.00376230238777,-22.891202634793704],[-43.00375547023821,-22.891202466620452],[-43.00374863718928,-22.891202304742507],[-43.00374180503974,-22.891202150059108],[-43.00373497199081,-22.891202001670955],[-43.00372813984119,-22.891201859578096],[-43.00372130679233,-22.891201724679796],[-43.00371447464272,-22.891201596976057],[-43.00370764159385,-22.89120147736619],[-43.00370080674628,-22.891201362252986],[-43.003693974596665,-22.89120125523365],[-43.00368714244712,-22.891201151811657],[-43.00368030670023,-22.89120106008075],[-43.00367347455067,-22.8912009719472],[-43.003666639703106,-22.89120089190757],[-43.00365980665418,-22.89120081996182],[-43.003652971806666,-22.891200751613294],[-43.003646139657064,-22.89120069225808],[-43.00363930480949,-22.89120064009736],[-43.00363247176062,-22.8912005924333],[-43.00362563691305,-22.89120055466182],[-43.00361880476345,-22.891200519588242],[-43.00361196991593,-22.891200495306542],[-43.00360513506836,-22.89120047462214],[-43.003598302019434,-22.8912004620316],[-43.00359146717192,-22.891200456635683],[-43.00358463232436,-22.891200460232966],[-43.0035778001748,-22.891200467427577],[-43.00357096532724,-22.89120048181669],[-43.003564132278306,-22.891200501601784],[-43.0035572974308,-22.891200532178765],[-43.003550461683915,-22.891200567252284],[-43.00354362683634,-22.89120060682248],[-43.003536794686795,-22.8912006571845],[-43.00352995983922,-22.891200712043176],[-43.0035231267903,-22.89120077499572],[-43.00351629194278,-22.891200845142833],[-43.00350945979318,-22.89120091978654],[-43.00350262494561,-22.891201001624864],[-43.00349579189674,-22.89120109155706],[-43.00348895974713,-22.89120118688518],[-43.00348212489956,-22.891201292105873],[-43.00347529185069,-22.891201400024517],[-43.003468459701075,-22.891201516936377],[-43.00346162665221,-22.891201640143517],[-43.003454791804636,-22.891201772343866],[-43.003447959655034,-22.89120190994012],[-43.00344113020344,-22.89120205203298],[-43.00343429715451,-22.891202202219766],[-43.00342746500496,-22.891202359601117],[-43.003420631956025,-22.891202525076405],[-43.00341379980648,-22.891202695048293],[-43.00340696675755,-22.891202872214738],[-43.00340013730596,-22.89120305657573],[-43.00339330515635,-22.891203249929983],[-43.00338647480544,-22.891203446881512],[-43.00337964175651,-22.89120365012829],[-43.00337281230492,-22.891203862368254],[-43.0033659801553,-22.89120408180283],[-43.00335915160303,-22.89120430663339],[-43.00335232035275,-22.891204539557776],[-43.003345490001834,-22.891204779676766],[-43.00333865965086,-22.891205021594395],[-43.00333295165382,-22.89120432012319],[-43.00332724185819,-22.891203612356733],[-43.00332153476045,-22.89120289469778],[-43.00331582676341,-22.891202171642842],[-43.0033101223637,-22.891201442292658],[-43.00330441706467,-22.891200704848558],[-43.00329871176558,-22.891199962008585],[-43.00329301006383,-22.891199211973994],[-43.00328731016066,-22.891198457442744],[-43.003281606660266,-22.891197692119732],[-43.00327590675715,-22.891196922300054],[-43.003270206853976,-22.891196145285814],[-43.00326450695086,-22.891195361976283],[-43.00325880974572,-22.891194572371514],[-43.003253115238515,-22.891193774672878],[-43.00324741713405,-22.891192971578302],[-43.003241721727534,-22.89119216218844],[-43.00323602991829,-22.891191344704705],[-43.00323033720974,-22.891190520026413],[-43.00322464180322,-22.891189689952142],[-43.003218951792626,-22.891188851783998],[-43.00321326178204,-22.891188010018556],[-43.00320757177144,-22.891187156561926],[-43.00320188715682,-22.89118630040738],[-43.00319619984418,-22.89118543525953],[-43.00319051163222,-22.891184564715807],[-43.003184827017606,-22.89118368697747],[-43.00317914510089,-22.891182804742552],[-43.0031734622849,-22.891181911715787],[-43.0031677767709,-22.89118101509168],[-43.003162096652886,-22.891180106776428],[-43.00315642013214,-22.891179196662534],[-43.003150740014064,-22.89117828205198],[-43.00314506169468,-22.89117735664959],[-43.00313938517394,-22.89117642495196],[-43.00313371225047,-22.891175486959092],[-43.00312803662905,-22.891174541771626],[-43.00312236190694,-22.89117359208754],[-43.0031166898828,-22.891172635208843],[-43.00311101965729,-22.89117167023633],[-43.00310535033111,-22.89117069716988],[-43.003099681904246,-22.891169719606776],[-43.00309401527602,-22.89116873484917],[-43.003088346849154,-22.891167744695593],[-43.00308268471758,-22.891166744649492],[-43.00307701988799,-22.891165740106732],[-43.003071356857106,-22.891164730168065],[-43.00306569472548,-22.891163710336873],[-43.00306003529187,-22.891162686908416],[-43.00305437495887,-22.89116165178873],[-43.0030487173239,-22.89116061666905],[-43.00304306238684,-22.89115957165686],[-43.003037404751865,-22.89115852034936],[-43.00303175161349,-22.891157461847317],[-43.00302610027376,-22.891156395251375],[-43.003020447135384,-22.89115532505812],[-43.00301479489632,-22.891154246770974],[-43.00300914715387,-22.8911531621886],[-43.00300350031074,-22.89115207041166],[-43.00299785526624,-22.89115097233942],[-43.00299221022175,-22.891149867072645],[-43.00298656517731,-22.891148757309256],[-43.00298092193145,-22.89114763675397],[-43.00297528228287,-22.891146511702082],[-43.002969639936396,-22.891145382153603],[-43.00296400208646,-22.89114424181323],[-43.00295836513589,-22.891143099674224],[-43.002952729983974,-22.891141946743367],[-43.002947094831995,-22.89114079021524],[-43.00294146237803,-22.891139624693864],[-43.00293582992406,-22.891138451977913],[-43.00293020016806,-22.891137274765327],[-43.0029245722107,-22.89113609215686],[-43.00291894155537,-22.891134896957876],[-43.002913317195286,-22.891133699960186],[-43.00290769013725,-22.89113249666733],[-43.00290207027376,-22.89113128528051],[-43.002896446813,-22.891130066699155],[-43.00289082515093,-22.891128841822496],[-43.00288520708608,-22.891127612449306],[-43.0028795899206,-22.891126372284152],[-43.00287397185576,-22.89112513032042],[-43.002868360086204,-22.89112387666549],[-43.002862744719316,-22.891122620312586],[-43.0028571347484,-22.891121356765126],[-43.0028515247775,-22.891120085123728],[-43.002845914806585,-22.89111880718716],[-43.00284030663431,-22.89111752475386],[-43.00283470205931,-22.891116235126074],[-43.00282910018228,-22.891114934706387],[-43.00282349740593,-22.891113629790098],[-43.002817894629565,-22.891112322175868],[-43.002812297249136,-22.891111004669053],[-43.0028066971708,-22.891109679967673],[-43.00280109979036,-22.891108349870382],[-43.00279550690657,-22.89110701167916],[-43.0027899122241,-22.891105669890653],[-43.00278432203828,-22.891104320008274],[-43.00277873185245,-22.891102962032015],[-43.00277314166657,-22.891101596861148],[-43.00276755687668,-22.891100229891627],[-43.002761970288134,-22.891098852130217],[-43.00275638729687,-22.89109746987227],[-43.00275080520492,-22.891096080419715],[-43.00274522491162,-22.89109468467191],[-43.00273964731633,-22.891093279930857],[-43.00273406972099,-22.891091869793886],[-43.0027284948236,-22.891090455160302],[-43.00272291992626,-22.8910890324328],[-43.00271734682752,-22.89108760161147],[-43.002711780024065,-22.8910861671928],[-43.00270621232129,-22.891084724680205],[-43.00270064192051,-22.891083274973113],[-43.00269507961366,-22.891081819870042],[-43.002689514608846,-22.891080356673015],[-43.002683954999945,-22.8910788898788],[-43.00267839179377,-22.89107741499063],[-43.00267283488284,-22.891075932008583],[-43.002667279770606,-22.891074445429204],[-43.00266172465831,-22.89107294985669],[-43.002656172243974,-22.891071447089562],[-43.002650619829694,-22.891069939825773],[-43.00264507011332,-22.891068427166122],[-43.002639522195636,-22.89106690461389],[-43.00263397967387,-22.891065376665743],[-43.002628431756186,-22.89106384242232],[-43.00262289193238,-22.891062301883625],[-43.00261735030989,-22.891060755049722],[-43.00261181228473,-22.89105920012193],[-43.00260627515893,-22.891057639798166],[-43.00260073983173,-22.891056074977797],[-43.00259520990044,-22.89105450026491],[-43.00258967727126,-22.891052920156053],[-43.00258414733997,-22.891051334651273],[-43.0025786201067,-22.891049740153296],[-43.002573094672016,-22.891048142058054],[-43.00256757193534,-22.891046534969544],[-43.00256205009799,-22.8910449215858],[-43.00255653005928,-22.891043301906755],[-43.0025510118192,-22.891041676831865],[-43.00254549717641,-22.8910400472603],[-43.0025399816343,-22.89103840689691],[-43.00253446968946,-22.89103676203685],[-43.00252896044259,-22.891035111780894],[-43.00252345209509,-22.89103345522969],[-43.002517947344806,-22.891031789685282],[-43.002512441695266,-22.89103011694626],[-43.00250693694505,-22.891028439710652],[-43.00250144028871,-22.891026755280475],[-43.00249594003503,-22.891025064555006],[-43.00249044517733,-22.89102337023226],[-43.00248495031962,-22.891021665117666],[-43.002479457260556,-22.891019954607167],[-43.00247396689951,-22.891018236902053],[-43.00246848013568,-22.89101651470034],[-43.00246299157322,-22.891014787102645],[-43.00245751020537,-22.891013049612493],[-43.00245202703888,-22.891011306726366],[-43.0024465465703,-22.891009560242964],[-43.002441069699046,-22.891007804766296],[-43.002435591928474,-22.89100604209508],[-43.002430116855855,-22.89100427222931],[-43.00242464717917,-22.891002499665568],[-43.00241917660315,-22.891000719907222],[-43.002413712322436,-22.890998930256366],[-43.002408245343695,-22.890997137008206],[-43.00240278196224,-22.890995336565453],[-43.002397322178126,-22.890993529827455],[-43.002391862394006,-22.890991714995582],[-43.00238640530779,-22.890989896566424],[-43.00238095002027,-22.89098807004333],[-43.0023754974307,-22.890986237224997],[-43.00237004663978,-22.890984399910074],[-43.00236460034546,-22.890982551803255],[-43.00235915225249,-22.890980700099167],[-43.00235370685754,-22.89097884209982],[-43.00234826685846,-22.89097697690587],[-43.00234282685943,-22.890975107215326],[-43.002337392256266,-22.89097322673294],[-43.00233195495519,-22.890971345351232],[-43.00232652215072,-22.890969454976272],[-43.00232109204421,-22.89096755740675],[-43.00231566193769,-22.890965651743354],[-43.00231023722711,-22.89096374518064],[-43.00230481521447,-22.89096182692671],[-43.00229939230257,-22.890959905075505],[-43.00229397208857,-22.890957976929],[-43.00228855727055,-22.890956041587994],[-43.00228314155316,-22.890954099951696],[-43.002277730332416,-22.890952152020102],[-43.002272320011,-22.890950196894],[-43.00226690968958,-22.89094823727126],[-43.00226150476408,-22.890946266856673],[-43.002256101637215,-22.89094429464339],[-43.00225070210768,-22.8909423152356],[-43.002245305276055,-22.89094033043183],[-43.0022399066458,-22.890938336634836],[-43.00223451521015,-22.890936337441953],[-43.00222912017721,-22.890934331953783],[-43.00222373233884,-22.890932320170382],[-43.002218347198436,-22.89093030209167],[-43.00221296205802,-22.890928276818467],[-43.002207579615565,-22.89092624704861],[-43.00220219987108,-22.890924210084133],[-43.002196821925224,-22.89092216502584],[-43.00219145027466,-22.890920117269527],[-43.00218607682541,-22.890918059620695],[-43.00218070697348,-22.890915996575888],[-43.00217533981953,-22.890913929933866],[-43.00216997536352,-22.89091185160057],[-43.00216461180685,-22.890909772368012],[-43.002159251847445,-22.89090768504157],[-43.002153894586,-22.8909055896212],[-43.002148540022574,-22.890903489704183],[-43.00214318725772,-22.890901381693332],[-43.002137837190894,-22.890899270085146],[-43.00213248982197,-22.89089715038309],[-43.002127145151064,-22.890895025285104],[-43.002121802278786,-22.890892892093195],[-43.00187940710839,-22.89076445991182],[-43.001515571985514,-22.89057596470891],[-43.00089583207642,-22.890245739948877],[-43.00082276036152,-22.890208642015146],[-43.000307757296575,-22.889947180318043],[-42.999999937346665,-22.889811469923323],[-42.99952056991781,-22.889660585267702],[-42.99931467193402,-22.8896284147195],[-42.999198681873104,-22.889610289782944],[-42.99874099709875,-22.889549937179787],[-42.99870532189254,-22.88954620679194],[-42.998701206594816,-22.889545704970235],[-42.99869709489444,-22.88954520674579],[-42.99869297689883,-22.889544714816644],[-42.99868885980248,-22.889544230082063],[-42.998684745404134,-22.889543749844073],[-42.99868062740847,-22.889543280397977],[-42.99867650671484,-22.88954281185121],[-42.998672386920575,-22.88954235499559],[-42.99866826982422,-22.889541899938674],[-42.99866414733196,-22.889541454774207],[-42.99866002663838,-22.889541012307767],[-42.99865590504543,-22.8895405797339],[-42.998651781653834,-22.889540151656572],[-42.99864765736293,-22.88953973167318],[-42.99864353487066,-22.88953931708576],[-42.99863940968043,-22.889538906994876],[-42.998635285389575,-22.88953850679658],[-42.998631160199345,-22.889538111994195],[-42.998627032311155,-22.889537721688406],[-42.99862290532228,-22.889537340375878],[-42.99861877743409,-22.889536961761305],[-42.99861464684789,-22.88953659483789],[-42.998610519859014,-22.889536229713173],[-42.99860639017219,-22.889535871783007],[-42.9984040202288,-22.889514729621016],[-42.99810225001828,-22.88945437521917],[-42.997714976764186,-22.889343727131198],[-42.99737296998602,-22.88919786968589],[-42.99702090519007,-22.8890218372879],[-42.996653749770175,-22.88883071516531],[-42.99637712730201,-22.8886898903261],[-42.99610553474206,-22.888579242238137],[-42.995823882365684,-22.888468592351582],[-42.99560258529048,-22.888368002281396],[-42.99515495673528,-22.888146701608907],[-42.994893422193094,-22.887990787045126],[-42.99480771680212,-22.88796017682065],[-42.994541357397146,-22.88786505013186],[-42.994325090230156,-22.887819784555315],[-42.99398308165335,-22.88780972743691],[-42.99355054192339,-22.887854992114136],[-42.99349272540835,-22.887860246852835],[-42.99305262238003,-22.88790025679136],[-42.992343460181964,-22.88796061209248],[-42.99176506660397,-22.88800587676971],[-42.991681887408596,-22.888017481621397],[-42.99133252957202,-22.88806623027224],[-42.99109341962506,-22.888112510284056],[-42.99102070044441,-22.88812658467409],[-42.990769224819275,-22.88820705691009],[-42.99055004025158,-22.88831159230605],[-42.99044230686641,-22.88836297237318],[-42.99030148022857,-22.88848871018573],[-42.99015059467362,-22.888735155003324],[-42.990057549915406,-22.88891873181395],[-42.98996450155991,-22.889102310423223],[-42.98976835222712,-22.88952478673942],[-42.989607406855754,-22.889796381997336],[-42.98953540983072,-22.889959004604318],[-42.989477585221806,-22.8901453953936],[-42.989451494989936,-22.890389865299962],[-42.9893257571774,-22.89061116237515],[-42.98905416191943,-22.890993404821714],[-42.98887755485467,-22.891247549634635],[-42.988847951870895,-22.891290145124028],[-42.98866186235446,-22.89150138508077],[-42.98863852494739,-22.891518722211195],[-42.98848582995649,-22.891632151902197],[-42.98830476495234,-22.891687477295164],[-42.98793287190394,-22.891739979716213],[-42.98787731988184,-22.89174357970236],[-42.9878750598855,-22.891744297361374],[-42.987872799889224,-22.891745022214906],[-42.98787054528887,-22.891745749766443],[-42.987868289789134,-22.891746487210554],[-42.987866035188766,-22.891747230050523],[-42.987863785085004,-22.891747980085103],[-42.98786153677988,-22.89174873461635],[-42.987859292072095,-22.891749497241413],[-42.98785704736425,-22.8917502670611],[-42.98785480715306,-22.891751042276695],[-42.98785256694182,-22.89175182198894],[-42.98785033032791,-22.89175260979502],[-42.98784809461326,-22.891753404795697],[-42.98784586159663,-22.89175420519236],[-42.98784363217728,-22.89175501188421],[-42.98784140185861,-22.89175582666999],[-42.98783917693586,-22.89175664505304],[-42.98783695471112,-22.89175747242936],[-42.987834735184286,-22.89175830520153],[-42.98783251475813,-22.891759145168315],[-42.98783029972795,-22.891759989631765],[-42.987828084697775,-22.89176084218903],[-42.987825875063514,-22.891761700142265],[-42.98782366722789,-22.891762561692786],[-42.98782146029159,-22.891763434934507],[-42.98781925515393,-22.89176430997483],[-42.987817051814915,-22.89176519490772],[-42.98781485477112,-22.891766085236583],[-42.987812656828076,-22.89176698006198],[-42.98781046518021,-22.891767882082],[-42.98780827533104,-22.891768792195897],[-42.98780608728051,-22.891769705007814],[-42.9878039001293,-22.89177062501423],[-42.98780171657537,-22.891771554913273],[-42.987799536618716,-22.891772486610897],[-42.9877973602594,-22.89177342730172],[-42.987795184799346,-22.891774375187165],[-42.98779301203731,-22.891775324871237],[-42.98779084197317,-22.89177628534721],[-42.98778867460705,-22.8917772467225],[-42.98778650993889,-22.891778219788947],[-42.98778434976733,-22.89177919735201],[-42.98778219229373,-22.891780180310967],[-42.98778003482018,-22.891781169565224],[-42.98777788184318,-22.891782165114734],[-42.98777573156419,-22.891783166959524],[-42.987773584882426,-22.891784175099495],[-42.987771441797996,-22.891785186836813],[-42.987769299612886,-22.891786206667998],[-42.987767161924374,-22.89178723459312],[-42.98776502513524,-22.89178826701484],[-42.987762894641286,-22.891789304832482],[-42.98776076504666,-22.89179034984468],[-42.987758637250714,-22.89179140205148],[-42.987756514850695,-22.891792456956264],[-42.987754395148635,-22.891793519954916],[-42.987752277245214,-22.89179459014812],[-42.98775016203975,-22.891795664837975],[-42.98774805223021,-22.891796744923766],[-42.98774594242072,-22.8917978322041],[-42.987743839805795,-22.891798926679055],[-42.98774173719081,-22.89180002475128],[-42.9877396399718,-22.891801130018077],[-42.98773754185347,-22.89180224158011],[-42.987735450030385,-22.891803356739466],[-42.98773336000598,-22.891804481791358],[-42.98773127717609,-22.89180561223915],[-42.98772919164829,-22.891806747183544],[-42.98772711241573,-22.891807886624594],[-42.98772503678045,-22.89180903505885],[-42.98772296474245,-22.89181018709038],[-42.98772089540242,-22.891811347215842],[-42.98771882696169,-22.89181251003921],[-42.98771676481627,-22.89181368185583],[-42.987714707167434,-22.89181485996775],[-42.98771265041787,-22.891816039878243],[-42.98771059726564,-22.891817229681322],[-42.98770854681137,-22.891818424880313],[-42.987706501753074,-22.891819621877993],[-42.987704460292,-22.891820829667456],[-42.987702419730304,-22.89182204195359],[-42.987700384564526,-22.89182325963563],[-42.98769835209671,-22.89182448181431],[-42.987696325024814,-22.891825712086842],[-42.98769429975155,-22.891826946856007],[-42.98769227987421,-22.891828187021165],[-42.98769025999692,-22.89182943528012],[-42.98768824731419,-22.891830687136427],[-42.98768623732942,-22.89183194528797],[-42.98768423004261,-22.891833209734756],[-42.9876822272524,-22.891834479577504],[-42.98768022716015,-22.89183575481618],[-42.98767822976591,-22.891837034551443],[-42.987676236868275,-22.891838322380607],[-42.98767425026582,-22.891839614706353],[-42.98767226186478,-22.89184091512604],[-42.987670281557676,-22.891842217344358],[-42.987668304847794,-22.891843526757295],[-42.98766632993661,-22.89184484156609],[-42.987664362219924,-22.891846161770864],[-42.987662395402616,-22.891847490069523],[-42.98766043218259,-22.891848821965503],[-42.98765847525785,-22.89185016015667],[-42.9876565201317,-22.891851501945176],[-42.987654566804245,-22.89185285182756],[-42.98765262157061,-22.891854207105922],[-42.98765067723635,-22.891855566880814],[-42.98764874009671,-22.891856932051684],[-42.98764680205769,-22.891858305316447],[-42.98764487211255,-22.891859682178527],[-42.98764294486542,-22.891861061738524],[-42.987641020316254,-22.8918624520904],[-42.987639100263685,-22.891863845140247],[-42.987637184707715,-22.891865241787418],[-42.98763527544704,-22.89186664742774],[-42.98763336708563,-22.891868056665395],[-42.98763146501951,-22.891869472198284],[-42.987629564752034,-22.89187089222784],[-42.987627669880474,-22.891872320351194],[-42.98762577680756,-22.891873750273277],[-42.98762389002993,-22.89187518738989],[-42.987622006849534,-22.891876629902494],[-42.98762012996442,-22.891878076911635],[-42.98761825487795,-22.891879530216073],[-42.98761638518746,-22.89188098981574],[-42.98761451729555,-22.891882454811384],[-42.98761265479961,-22.891883921605626],[-42.98761079680022,-22.89188539739311],[-42.98760894509618,-22.891886876777875],[-42.98760709519072,-22.891888361558554],[-42.98760524978186,-22.891889851735208],[-42.98760340976897,-22.891891347307734],[-42.98760157155468,-22.891892850074914],[-42.98759973963566,-22.89189435464069],[-42.98759791221331,-22.89189586730034],[-42.98759608658954,-22.89189738175869],[-42.987594269959025,-22.89189890521023],[-42.98759245512709,-22.891900432259064],[-42.987590644791815,-22.89190196470385],[-42.9875888371545,-22.89190350164519],[-42.987587034913155,-22.891905044881828],[-42.987585237168354,-22.891906591715742],[-42.98758344481953,-22.891908144844955],[-42.9875816569673,-22.891909705168672],[-42.98757987181303,-22.89191126729107],[-42.9875780947527,-22.891912834809396],[-42.98757631679299,-22.891914406824316],[-42.98757454692721,-22.891915986933178],[-42.987572781558036,-22.891917569740002],[-42.98757101978614,-22.891919159741374],[-42.987569265208855,-22.89192075244071],[-42.987567512430154,-22.891922349636644],[-42.98756576504743,-22.891923954926504],[-42.9875640221613,-22.89192556201501],[-42.98756228197313,-22.891927177197395],[-42.9875605498789,-22.89192879507774],[-42.98755881958325,-22.89193041655542],[-42.987557094683574,-22.891932047026298],[-42.98755537517982,-22.89193368019513],[-42.987553660172715,-22.891935319659215],[-42.987551949662155,-22.89193696182124],[-42.98755024184961,-22.891938610278565],[-42.987548542130945,-22.89194026233317],[-42.98754684690888,-22.89194192158234],[-42.98754515528409,-22.8919435853281],[-42.987543469954595,-22.891945251771872],[-42.98754178732306,-22.891946921812938],[-42.987540110087444,-22.89194859994787],[-42.98753843734843,-22.891950281680085],[-42.98753677000533,-22.891951969707538],[-42.987535107158884,-22.891953662231643],[-42.98753344970836,-22.891955356554405],[-42.98753179495579,-22.891957059870347],[-42.98753015009574,-22.89195876498493],[-42.98752850523576,-22.891960474596175],[-42.987526866671,-22.89196218960327],[-42.987525231703465,-22.89196391000635],[-42.987523604829924,-22.891965634906025],[-42.987521981553606,-22.891967361604394],[-42.98752036187462,-22.891969097295906],[-42.98751875028952,-22.89197083658476],[-42.9875171423017,-22.891972580370208],[-42.987515537011824,-22.891974326853614],[-42.98751393981589,-22.891976079632308],[-42.98751234531792,-22.891977835108914],[-42.98751075711518,-22.891979596880812],[-42.987509171610405,-22.891981364947952],[-42.987507595098826,-22.891983132115758],[-42.98750602218458,-22.89198491007547],[-42.9875044519683,-22.891986689833765],[-42.98750288984589,-22.891988472290077],[-42.98750133222014,-22.891990260142297],[-42.98749977999025,-22.891992055189146],[-42.98749823225702,-22.891993850235934],[-42.9874966899197,-22.89199565157795],[-42.987495150280346,-22.891997460114588],[-42.987493616936284,-22.89199926955055],[-42.9874920916861,-22.89200108168452],[-42.987490570033195,-22.89200290191231],[-42.98748905467553,-22.892004726636767],[-42.98748754201588,-22.892006554958495],[-42.98748603475209,-22.892008386877507],[-42.98748453468291,-22.89201022239378],[-42.987483040009714,-22.892012065104627],[-42.987481549833056,-22.892013909614178],[-42.987480065052374,-22.89201576041895],[-42.98747858476829,-22.892017612123045],[-42.987477109880125,-22.89201947012239],[-42.987475642186574,-22.892021331719],[-42.987474177190926,-22.89202319691296],[-42.98747271669193,-22.892025070200724],[-42.98747126518614,-22.892026945287192],[-42.98746981727768,-22.892028824870312],[-42.98746837476508,-22.892030707151346],[-42.987466936749136,-22.89203259482829],[-42.98746550682707,-22.89203448520325],[-42.98746408230098,-22.892036380074803],[-42.987462659573474,-22.892038280342287],[-42.9874612449399,-22.8920401824084],[-42.98745983480293,-22.892042089870497],[-42.98745843006193,-22.892044001829138],[-42.98745703161611,-22.892045917385097],[-42.98745563676763,-22.892047837437673],[-42.98745425001302,-22.892049760188186],[-42.987452866855755,-22.89205168743532],[-42.98745149179231,-22.892053620078425],[-42.987450120326194,-22.892055555419493],[-42.98744875515532,-22.892057491659816],[-42.98744739538042,-22.892059435094804],[-42.987446040102064,-22.892061384824977],[-42.98744469021968,-22.892063334555157],[-42.98744334663254,-22.892065289681312],[-42.98744201024001,-22.89206725020338],[-42.9874406774447,-22.892069209826072],[-42.98743935184401,-22.89207117664344],[-42.9874380298406,-22.89207314705802],[-42.9874367150318,-22.892075120170578],[-42.98743540471954,-22.89207709688045],[-42.9874341016019,-22.892079079885566],[-42.98743280477955,-22.892081064689318],[-42.987431511554426,-22.892083054889007],[-42.98743022192664,-22.892085045088695],[-42.987428942191364,-22.892087039784958],[-42.98742766695269,-22.892089041675852],[-42.987426397109935,-22.89209104716403],[-42.987425131763835,-22.892093051752873],[-42.98742387720957,-22.89209506173765],[-42.98742262175599,-22.892097077118336],[-42.9874213770943,-22.892099095197032],[-42.98742013513057,-22.89210111687297],[-42.98741890216004,-22.89210314214622],[-42.98741767008883,-22.89210517011744],[-42.987416447010816,-22.892107201685945],[-42.98741523022809,-22.89210923685172],[-42.987414017042646,-22.892111277413413],[-42.9874128146491,-22.89211331977381],[-42.98741161225549,-22.892115364832165],[-42.9874104170565,-22.892117411689096],[-42.98740922995139,-22.89211946484133],[-42.98740804734293,-22.892121521590887],[-42.987406870130336,-22.892123581937675],[-42.987405700112355,-22.89212564498242],[-42.98740453459103,-22.892127711624504],[-42.987403377163524,-22.892129780065222],[-42.987402225131994,-22.89213185480119],[-42.98740107669775,-22.89213393043647],[-42.98739993725669,-22.892136009669027],[-42.98739879961433,-22.892138091599545],[-42.98739767006585,-22.892140177127395],[-42.98739654681261,-22.892142267151844],[-42.98739542985461,-22.892144359874205],[-42.98739432009122,-22.892146455294576],[-42.98739321482443,-22.89214855161427],[-42.98739211495356,-22.892150655128567],[-42.987391022277244,-22.89215276044146],[-42.987389934996905,-22.892154866653723],[-42.987388854911124,-22.89215698006049],[-42.98738778022126,-22.892159091668667],[-42.987386710028055,-22.892161212270043],[-42.987385647029406,-22.892163330173464],[-42.987384590325995,-22.892165455271442],[-42.98738353991782,-22.892167582168124],[-42.987382494905624,-22.8921697117627],[-42.98738145708799,-22.89217184495462],[-42.98738042466626,-22.892173979945163],[-42.987379400338476,-22.8921761167343],[-42.98719398711224,-22.892481815183576],[-42.98712048012546,-22.892614172006365],[-42.98705276657133,-22.892897800193253],[-42.98695267202763,-22.89346223719243],[-42.98689661188857,-22.89391277955107],[-42.98685471517236,-22.89436023543643],[-42.986801600313036,-22.894850054786133],[-42.98676448529218,-22.895212549919194],[-42.98670832712698,-22.895669632147722],[-42.98668189515276,-22.896025725007146],[-42.986652130290985,-22.89660740021125],[-42.98664019718674,-22.896937515254045],[-42.986614491864735,-22.89748327243498],[-42.986586172213514,-22.897728159626777],[-42.986543107277974,-22.8980153698134],[-42.98650400475545,-22.8982732018467],[-42.986451367436096,-22.898491621990694],[-42.98640187234795,-22.898736240285157],[-42.98635532523749,-22.89902013736937],[-42.986339665342676,-22.89912457743722],[-42.98630012664895,-22.899411831690617],[-42.98627117657295,-22.899699221741592],[-42.98621076011792,-22.900205299934576],[-42.98617677743575,-22.900355287066784],[-42.98615435014258,-22.900440022089263],[-42.98613206494226,-22.9005149473069],[-42.986062022144004,-22.90071679744218],[-42.98602823461473,-22.900853706633175],[-42.985971824639385,-22.901088429687228],[-42.98592260744177,-22.90124863671516],[-42.985920840273955,-22.901254381584373],[-42.985850712040154,-22.901434717238338],[-42.98581522029561,-22.90152597504365],[-42.98579288203527,-22.90159795228358],[-42.98572469004184,-22.901817687236385],[-42.985609010247025,-22.90216472212412],[-42.98552099179974,-22.90237276678968],[-42.985498362159106,-22.90242625666636],[-42.985427949739474,-22.90263246671488],[-42.98542708189372,-22.902635001903743],[-42.9854262248398,-22.902637541589186],[-42.9854253749805,-22.902640084871926],[-42.98542452691978,-22.90264262725534],[-42.98542368965095,-22.902645175034724],[-42.98542285687877,-22.902647721914732],[-42.98542203220042,-22.90265026969414],[-42.98542121201872,-22.90265282197007],[-42.9854203999309,-22.90265537694401],[-42.985419592339746,-22.902657931917947],[-42.98541879194308,-22.902660492287822],[-42.98541799694239,-22.902663049959724],[-42.98541721183429,-22.90266561482618],[-42.98541643032338,-22.902668176994684],[-42.98541565690643,-22.902670741861154],[-42.98541488978477,-22.90267331212359],[-42.9854141298576,-22.902675882385974],[-42.985413375326424,-22.902678451749097],[-42.985412627090476,-22.90268102740739],[-42.98541188514976,-22.902683604864386],[-42.9854111522023,-22.902686182321382],[-42.98541042195281,-22.902688759778382],[-42.985409699797195,-22.902691341731966],[-42.98540898483619,-22.90269392458489],[-42.985408277069745,-22.90269651013576],[-42.98540757469922,-22.902699096585962],[-42.98540688042262,-22.902701684834792],[-42.985406189743244,-22.902704274882314],[-42.985405507157814,-22.902706866728426],[-42.985404831766985,-22.902709462171877],[-42.985404161772024,-22.90271205671595],[-42.985403499871,-22.90271465485735],[-42.985402845164586,-22.902717254797405],[-42.98540219495472,-22.90271985203944],[-42.98540155193947,-22.902722454677434],[-42.98540117512353,-22.902724002410736],[-42.98540091701809,-22.902725060013402],[-42.98540028659336,-22.90272766534943],[-42.98539966516184,-22.902730269786066],[-42.98539905002555,-22.90273287961863],[-42.98539844028519,-22.90273549035052],[-42.98539783684011,-22.90273810198172],[-42.98539723969028,-22.902740717210254],[-42.985396649734994,-22.90274332974078],[-42.9853960696723,-22.902745946767958],[-42.985395492307546,-22.902748564694395],[-42.98539492213737,-22.902751181721573],[-42.98539436006105,-22.90275380234603],[-42.98539380158208,-22.902756424769134],[-42.98539325209631,-22.902759047192163],[-42.98539270980515,-22.90276167501118],[-42.985392172010535,-22.902764300132237],[-42.985391642309835,-22.902766927051932],[-42.985391119803765,-22.902769554871004],[-42.98539060179424,-22.902772187186628],[-42.98539009187864,-22.902774816804275],[-42.98538959185557,-22.902777450019215],[-42.98538909722847,-22.902780085032845],[-42.98538860709796,-22.902782720046417],[-42.985388122363375,-22.90278535505998],[-42.98538764662199,-22.90278799187226],[-42.9853871771759,-22.902790632281796],[-42.98538671492436,-22.902793271791975],[-42.985386257169424,-22.902795914899475],[-42.98538581020638,-22.90279855530903],[-42.98538536504198,-22.90280120021512],[-42.9853849297701,-22.902803845121262],[-42.98538449989418,-22.90280649002741],[-42.98538407991079,-22.902809136732202],[-42.98538366172603,-22.902811785235627],[-42.985383255232435,-22.90281443194041],[-42.98538285233617,-22.902817084940434],[-42.98538245483584,-22.90281973524249],[-42.985382067228,-22.902822387343207],[-42.98538168501616,-22.90282504034328],[-42.98538130999886,-22.902827695141948],[-42.98538094217613,-22.902830347242652],[-42.98538057974937,-22.902833004739268],[-42.9853802218192,-22.90283566223595],[-42.98537987468088,-22.902838319732577],[-42.98537953473716,-22.902840977229257],[-42.98537920018932,-22.902843634725876],[-42.98537887013818,-22.902846296719147],[-42.98537854997951,-22.902848956913736],[-42.985378237015446,-22.902851619806338],[-42.98537792674934,-22.902854280000916],[-42.98537762727507,-22.902856944692154],[-42.98537733229747,-22.902859610282707],[-42.98537704541373,-22.902862274973952],[-42.98537676482523,-22.90286493966513],[-42.98537648963271,-22.902867605255686],[-42.9853762216347,-22.902870271745567],[-42.985375961730675,-22.902872940034076],[-42.98537570992047,-22.90287561012124],[-42.98537546170759,-22.90287827661111],[-42.9853752215886,-22.902880946698275],[-42.98537498686558,-22.902883616785438],[-42.98537476473299,-22.902886286872583],[-42.98537454170112,-22.902888959657695],[-42.98537433036048,-22.902891629744843],[-42.98537412531506,-22.90289430163065],[-42.98537392476619,-22.90289697711372],[-42.98537373231132,-22.90289964989883],[-42.98537354525231,-22.902902321784637],[-42.98537336718655,-22.902904999965724],[-42.98537319721466,-22.902907671851516],[-42.985373029940796,-22.902910350032545],[-42.98537287166012,-22.90291302191835],[-42.98537271967469,-22.90291570009938],[-42.98537257488381,-22.902918377381145],[-42.98537243728755,-22.902921054662862],[-42.98537230508722,-22.902923730145936],[-42.98537218008143,-22.902926407427707],[-42.985372064968224,-22.902929084709424],[-42.985371951653654,-22.902931764689086],[-42.985371847332274,-22.90293444017217],[-42.985371750205516,-22.902937120151893],[-42.98537166027332,-22.90293980013157],[-42.98537157663635,-22.902942477413344],[-42.98537150019401,-22.90294515739301],[-42.98537143004684,-22.90294783737275],[-42.98537136529565,-22.902950517352416],[-42.98537130683975,-22.902953194634126],[-42.98537126007501,-22.902955874613866],[-42.98537121510892,-22.90295855459354],[-42.98537118003534,-22.902961234573258],[-42.98537115215636,-22.902963914552934],[-42.985371129673325,-22.902966597230627],[-42.98537111168686,-22.9029692772103],[-42.98537110179434,-22.902971957189962],[-42.98537110179434,-22.902974637169702],[-42.98537110719026,-22.902977317149368],[-42.985371119780744,-22.90297999712911],[-42.98537113686787,-22.902982679806733],[-42.98537116204888,-22.902985359786456],[-42.98537119532383,-22.902988039766143],[-42.98537123219599,-22.90299071974587],[-42.985371279860104,-22.902993399725535],[-42.98537133022213,-22.902996079705208],[-42.985371389577395,-22.90299875698699],[-42.98537145702655,-22.903001436966655],[-42.98537152987162,-22.903004115147688],[-42.9853716099113,-22.903006795127418],[-42.98537169534684,-22.903009475107098],[-42.9853717897757,-22.90301215508682],[-42.985371889600415,-22.903014829670575],[-42.98537199482111,-22.903017509650255],[-42.985372109934325,-22.903020186932014],[-42.98537223044351,-22.903022865113048],[-42.985372357247876,-22.903025542394772],[-42.98537249034754,-22.90302821967653],[-42.985372632440445,-22.903030896958246],[-42.985372779929286,-22.90303357244133],[-42.98537293461268,-22.903036249723094],[-42.98537309469198,-22.903038925206175],[-42.98537326466386,-22.903041599789915],[-42.98537344003161,-22.90304427167571],[-42.985373621694706,-22.903046947158792],[-42.985373809652984,-22.903049619943918],[-42.98537400480588,-22.90305229542704],[-42.985374207153335,-22.903054967312837],[-42.985374414896754,-22.903057640097956],[-42.98537462983469,-22.903060311983754],[-42.985374854665245,-22.903062982070903],[-42.985375082193706,-22.903065652158066],[-42.98537531961473,-22.90306832224521],[-42.985375562431685,-22.903070992332374],[-42.985375809745236,-22.90307365972157],[-42.98537606964932,-22.90307632980873],[-42.98537633225138,-22.90307899719786],[-42.98537660204797,-22.903081661889104],[-42.98537687724049,-22.903084330177613],[-42.98537716232559,-22.90308699486885],[-42.98537745010863,-22.903089656862072],[-42.985377746884936,-22.903092321553313],[-42.98537805175507,-22.90309498534523],[-42.98537836202118,-22.903097647338452],[-42.98537868217984,-22.903100310231043],[-42.98537900503648,-22.903102972224325],[-42.98537933508768,-22.90310562972095],[-42.98537967233342,-22.90310828991559],[-42.98538001497509,-22.90311094741221],[-42.985380366610016,-22.903113604908835],[-42.985380727238194,-22.903116259707545],[-42.985381089664955,-22.90311891720417],[-42.98538146018566,-22.903121570204206],[-42.98538183969954,-22.903124225002923],[-42.9853822219114,-22.90312687710362],[-42.98538261491514,-22.90312953010365],[-42.98538301511345,-22.90313217680844],[-42.98538341980841,-22.903134829808454],[-42.98538382989923,-22.903137474714605],[-42.985384249882614,-22.90314012501667],[-42.98538467526198,-22.903142769922816],[-42.9853851051379,-22.903145414828966],[-42.985385544906386,-22.90314805973511],[-42.98538599007078,-22.90315070194324],[-42.98538644242981,-22.90315334505075],[-42.985386900184686,-22.903155984560975],[-42.98538736693282,-22.903158624970473],[-42.98538783997624,-22.90316126178275],[-42.98538831661695,-22.903163902192222],[-42.98538880494881,-22.903166537205855],[-42.985389295079315,-22.90316917221943],[-42.98538979510239,-22.903171807233054],[-42.98539029962202,-22.903174436850716],[-42.98539081493359,-22.90317707006565],[-42.98539133204374,-22.903179696985337],[-42.98539185724782,-22.903182326602998],[-42.98539238964647,-22.903184951724054],[-42.98539293013905,-22.903187576845102],[-42.98539347512816,-22.90319020196616],[-42.9853940273119,-22.903192825288574],[-42.98539458489161,-22.90319544501371],[-42.98539515236378,-22.903198067436758],[-42.98539572523193,-22.903200687161895],[-42.98539630169735,-22.903203302390438],[-42.985396889853995,-22.903205916719585],[-42.98539747980927,-22.90320853194813],[-42.98539807965706,-22.90321114537797],[-42.98539868490078,-22.903213755210537],[-42.9853992973391,-22.90321636504315],[-42.985399916971986,-22.90321897217776],[-42.9854005420008,-22.90322158021169],[-42.985401175123535,-22.903224181950367],[-42.98540181184355,-22.90322678728634],[-42.98540246025472,-22.903229389924338],[-42.98540310956527,-22.903231989864402],[-42.985403769667656,-22.90323458710642],[-42.98540443516597,-22.903237181650553],[-42.985405106959504,-22.90323977709394],[-42.98540578504834,-22.903242369839422],[-42.98540647033175,-22.90324496168554],[-42.98540716011174,-22.90324755173307],[-42.98540785978432,-22.9032501399819],[-42.98540856215483,-22.903252724633443],[-42.985409275317195,-22.903255310184335],[-42.985409992076896,-22.903257892137916],[-42.98541071693042,-22.903260472292875],[-42.98541144717998,-22.90326304974987],[-42.98541218462403,-22.903265629904833],[-42.98541293016202,-22.903268204663817],[-42.9854136801966,-22.903270774926263],[-42.98541443742575,-22.90327334698727],[-42.985415200050866,-22.903275917249704],[-42.98541596987049,-22.903278484814134],[-42.98541674688479,-22.903281049680594],[-42.985417530194255,-22.903283611849155],[-42.985418319799024,-22.90328617491698],[-42.98541911659836,-22.903288731689507],[-42.98541991969292,-22.90329129205943],[-42.985420727284136,-22.90329384703333],[-42.985421542069915,-22.903296400208628],[-42.98542236494957,-22.903298949786603],[-42.98542319502384,-22.90330150026395],[-42.98542402689675,-22.903304047143948],[-42.98542487225946,-22.903306592225388],[-42.98542572032012,-22.903309131910834],[-42.98542657197813,-22.903311675193574],[-42.98542743532728,-22.903314212181073],[-42.98542830227372,-22.903316750067876],[-42.98542917461613,-22.90331928165945],[-42.98543005685106,-22.903321815049676],[-42.98543094178395,-22.903324344842556],[-42.98543183481071,-22.903326871937534],[-42.98543273503209,-22.903329397233804],[-42.98543364244803,-22.903331919832137],[-42.985434551662614,-22.903334439732564],[-42.985435471669085,-22.90333695693495],[-42.98543639707147,-22.903339472338722],[-42.98543732966842,-22.903341985044477],[-42.98543826496338,-22.903344496850966],[-42.98543921194951,-22.903347005060162],[-42.985440159834944,-22.903349509672044],[-42.98544111671358,-22.903352015183277],[-42.985442081686145,-22.903354515298552],[-42.985443052054634,-22.903357015413835],[-42.98544402691973,-22.903359510133185],[-42.98544500987869,-22.903362004852585],[-42.98544600003227,-22.903364495075287],[-42.98544699468245,-22.90336698529804],[-42.98544799472861,-22.903369470124883],[-42.98544900196926,-22.903371954951663],[-42.985450017303855,-22.903374435281904],[-42.98545103713504,-22.903376914712766],[-42.985452065060166,-22.90337938964702],[-42.98545309658257,-22.903381861883325],[-42.98550442988496,-22.903470710404886],[-42.985583865202635,-22.9036081915647],[-42.98558585720095,-22.903610310367437],[-42.98558784470267,-22.90361243186813],[-42.98558982680847,-22.903614559664128],[-42.985591805316986,-22.903616690158024],[-42.98559377483226,-22.90361882694722],[-42.98559574524685,-22.903620967333687],[-42.9855977048696,-22.903623112216753],[-42.985599661794396,-22.903625261596485],[-42.985601615121844,-22.903627417271398],[-42.98560356485202,-22.903629574745],[-42.98560550468968,-22.903631740312466],[-42.98560744182937,-22.90363390677927],[-42.98560937717044,-22.903636082239313],[-42.98561130171961,-22.903638256800054],[-42.985613227168095,-22.903640442152632],[-42.985615141824745,-22.90364262480718],[-42.98561705468275,-22.903644817354373],[-42.985618960346144,-22.90364701170014],[-42.98562086241227,-22.903649212341197],[-42.98562275998178,-22.903651416579553],[-42.98562465035675,-22.90365362531448],[-42.985626535335726,-22.903655836747387],[-42.98562841671744,-22.903658055374894],[-42.9856302918039,-22.90366027490168],[-42.98563216509174,-22.903662501623078],[-42.985634030285695,-22.90366473194174],[-42.98563589008366,-22.90366696675701],[-42.985637745385034,-22.903669206968253],[-42.9856395952905,-22.903671449877454],[-42.98564143980004,-22.903673697283203],[-42.985643279812926,-22.903675950084928],[-42.985645111731934,-22.90367820468535],[-42.98564694005366,-22.903680467379584],[-42.985648764778055,-22.90368273007388],[-42.98565058230795,-22.903684999962667],[-42.985652395341184,-22.903687275247506],[-42.98565420477714,-22.90368955233091],[-42.985656005219894,-22.903691834810246],[-42.98565780206532,-22.903694119987584],[-42.98565959531347,-22.903696409661475],[-42.98566137956842,-22.903698702033374],[-42.98566316022609,-22.903701001599895],[-42.985664937286415,-22.903703304763642],[-42.9856667071522,-22.903705612423973],[-42.98566847162205,-22.90370792188301],[-42.98567022979667,-22.903710236737954],[-42.985671985273335,-22.903712555190193],[-42.985673731756734,-22.903714879937667],[-42.98567547734083,-22.90371720738315],[-42.98567721213302,-22.90371954022449],[-42.98567894512663,-22.903721874864534],[-42.98568067182495,-22.9037242149005],[-42.98568239222802,-22.90372655493647],[-42.985684109933146,-22.903728904864995],[-42.98568581684636,-22.903731254793485],[-42.985687524658964,-22.90373361191657],[-42.98568922167967,-22.903735969938992],[-42.98569091690168,-22.903738335155964],[-42.985692604929184,-22.90374070217157],[-42.985694286661406,-22.90374307188519],[-42.98569596479634,-22.903745449692643],[-42.98569763663603,-22.903747826600828],[-42.98569930218044,-22.903750209804244],[-42.98570096502694,-22.903752596604946],[-42.98570261977951,-22.903754987002994],[-42.98570426733746,-22.90375738189757],[-42.98570591219751,-22.90375978218813],[-42.98570754986294,-22.903762181579363],[-42.98570918213246,-22.90376458996379],[-42.98571080990538,-22.903767000146868],[-42.98571242958435,-22.90376941212857],[-42.98571404656538,-22.903771832204217],[-42.98571565725117,-22.903774252279874],[-42.98571725984308,-22.903776676852058],[-42.985718857039004,-22.90377910502158],[-42.9857204497384,-22.903781536788436],[-42.98572203973978,-22.903783974850477],[-42.98572361984857,-22.903786414711217],[-42.98572519725948,-22.90378885726985],[-42.985726764777795,-22.90379130522447],[-42.98572833229613,-22.90379375677636],[-42.98572988992188,-22.903796210126885],[-42.98573144215177,-22.90379866977272],[-42.98573298988501,-22.903801130317806],[-42.98573453222232,-22.903803597158202],[-42.98573606736502,-22.903806064897893],[-42.9857375971118,-22.903808537134196],[-42.98573911966402,-22.903811014766426],[-42.98574063682033,-22.90381349509666],[-42.985742152178,-22.903815977225484],[-42.98574366034105,-22.903818464750287],[-42.985745160410225,-22.90382095497304],[-42.98574665508348,-22.903823446994437],[-42.985748145260075,-22.903825945311066],[-42.985749627342855,-22.90382844542634],[-42.98575110492898,-22.903830950038206],[-42.985752577119136,-22.903833457348085],[-42.985754042114785,-22.9038359700539],[-42.98575550171446,-22.90383848186038],[-42.98575695681753,-22.903840999962107],[-42.985758404726,-22.903843521661116],[-42.98575984723859,-22.903846046957447],[-42.985761285254526,-22.903848574951688],[-42.9857627151766,-22.90385110744258],[-42.98576413970269,-22.90385363993348],[-42.98576555973218,-22.90385617692098],[-42.98576697166779,-22.90385872020371],[-42.98576838000612,-22.903861265285087],[-42.98576978025058,-22.903863812165095],[-42.98577117509907,-22.903866361743116],[-42.98577256185367,-22.903868916717066],[-42.98577394680958,-22.903871477086927],[-42.98577532187302,-22.903874036557486],[-42.98577669513777,-22.903876599625303],[-42.9857780621073,-22.903879167189718],[-42.985779420083546,-22.903881740150126],[-42.98578077176463,-22.90388431221115],[-42.98578211984837,-22.903886889668136],[-42.98578346163688,-22.90388946712514],[-42.98578479533145,-22.903892051776683],[-42.98578612542874,-22.90389464002552],[-42.98578744743216,-22.903897227375094],[-42.98578876493897,-22.903899820120532],[-42.98579007525117,-22.90390241466465],[-42.98579138016745,-22.903905011906684],[-42.98579267968781,-22.903907615444012],[-42.98579397201362,-22.903910219880654],[-42.98579525984276,-22.903912827015258],[-42.98579653957804,-22.903915436847875],[-42.98579781481671,-22.903918050277717],[-42.985799081961446,-22.903920667304902],[-42.98580034460965,-22.903923287029976],[-42.985801601861866,-22.903925906755113],[-42.98580285012084,-22.903928534574124],[-42.98580409478253,-22.903931162393143],[-42.98580533224972,-22.903933794708756],[-42.98580656522019,-22.903936427024437],[-42.98580779009685,-22.903939064735965],[-42.98580900687957,-22.9039417051455],[-42.98581022006501,-22.903944347353697],[-42.985811426955216,-22.90394699225979],[-42.985812630248084,-22.90394963986389],[-42.985813825447075,-22.903952290165957],[-42.98581501165287,-22.903954944964674],[-42.9858161951607,-22.903957601561974],[-42.98581736967528,-22.903960259957973],[-42.98581853969326,-22.903962921951194],[-42.985819701617366,-22.903965586642443],[-42.985820859944134,-22.903968254930962],[-42.98582201017703,-22.903970925018104],[-42.985823155013996,-22.9039735969039],[-42.98582429535437,-22.903976275084933],[-42.98582542670149,-22.90397895236666],[-42.98582655175337,-22.903981632346383],[-42.98582767500661,-22.903984315024022],[-42.98582878656864,-22.9039870021983],[-42.98582989183544,-22.903989690271903],[-42.98583099530358,-22.90399238014415],[-42.985832089778526,-22.90399507721096],[-42.98583317705887,-22.903997771579807],[-42.98583425984261,-22.90400047044525],[-42.985835337230434,-22.90400317200871],[-42.98583640472568,-22.90400587716939],[-42.98583746682507,-22.90400858233013],[-42.98583852532712,-22.904011290188823],[-42.985839574835914,-22.904014001644814],[-42.98584061984811,-22.90401671489942],[-42.98584165676643,-22.90401942995268],[-42.98584269008747,-22.904022152200486],[-42.98584371531464,-22.904024871750345],[-42.985844732447866,-22.90402759489748],[-42.9858457450845,-22.904030319843304],[-42.98584675232515,-22.904033050185056],[-42.985847752371306,-22.904035776929465],[-42.985848745222846,-22.904038509969173],[-42.98584972998045,-22.90404124660616],[-42.985850712040154,-22.904043985041795],[-42.9858516851066,-22.904046721678775],[-42.985852654575766,-22.904049464611003],[-42.98585361505169,-22.90405221024124],[-42.98585457013174,-22.90405495497211],[-42.985855517117805,-22.90405770509895],[-42.985856462305286,-22.90406045522573],[-42.98585739490229,-22.904063209849163],[-42.98585832480128,-22.90406596177465],[-42.98585925020367,-22.904068719995358],[-42.985860164814156,-22.90407148001472],[-42.98586107492806,-22.904074241832713],[-42.98586197694808,-22.904077007247988],[-42.98586287537083,-22.904079771764],[-42.98586376480031,-22.90408253987723],[-42.98586464973319,-22.90408530978917],[-42.9858655265722,-22.904088079701033],[-42.985866399813936,-22.904090855008892],[-42.985867262263774,-22.90409363211537],[-42.98586812201565,-22.90409641012118],[-42.98586897187496,-22.90409918992556],[-42.98586981723766,-22.904101972428027],[-42.98587065720445,-22.904104754930447],[-42.98587148997668,-22.904107541929445],[-42.98587231465503,-22.904110329827773],[-42.98587313483673,-22.904113122222753],[-42.985873945125846,-22.90411591012107],[-42.985874751817754,-22.904118705214014],[-42.98587555221436,-22.904121502105532],[-42.98587634541641,-22.90412429989643],[-42.98587713232322,-22.904127096788006],[-42.98587791203541,-22.904129899974823],[-42.98587868455305,-22.904132702262324],[-42.98587945167477,-22.90413550724778],[-42.985880211601874,-22.904138314931203],[-42.9858809652338,-22.9041411217153],[-42.98588171526833,-22.90414393209673],[-42.985882451813126,-22.90414674517605],[-42.985883186559214,-22.904149557356124],[-42.985883915010064,-22.904152372234098],[-42.98588463716569,-22.904155189810087],[-42.985885350328054,-22.904158007386027],[-42.98588605989314,-22.90416082676066],[-42.98588675956571,-22.904163649732553],[-42.98588745474168,-22.904166471805148],[-42.985888141823715,-22.9041692965757],[-42.98588882530847,-22.904172124943525],[-42.985889499799974,-22.904174952412028],[-42.985890169794935,-22.904177781679174],[-42.985890829897265,-22.9041806118457],[-42.98589148190577,-22.90418344740809],[-42.985892134813604,-22.904186280272558],[-42.9858927751309,-22.904189116734262],[-42.98589341005222,-22.904191954994662],[-42.98589403687972,-22.904194792355693],[-42.985894660109885,-22.904197635112695],[-42.98589527524617,-22.904200475171727],[-42.98589588498654,-22.904203319727372],[-42.98589648483434,-22.904206165182323],[-42.98589708018553,-22.904209009737915],[-42.98589767014075,-22.904211856991505],[-42.98589825200215,-22.90421470514442],[-42.98589882666893,-22.90421755689467],[-42.98589939683912,-22.90422040684623],[-42.985899957116736,-22.904223262193696],[-42.98590051469638,-22.904226114843222],[-42.985901062383526,-22.90422897019075],[-42.985901604674744,-22.90423182733686],[-42.98590213977135,-22.904234685382367],[-42.985902666774074,-22.90423754162915],[-42.98590319017952,-22.904240405070563],[-42.98590370728968,-22.904243264914687],[-42.98590421540663,-22.904246130154682],[-42.985904717228344,-22.90424899179745],[-42.98590521185544,-22.904251857037497],[-42.98590570198595,-22.904254724975512],[-42.985906184921895,-22.90425759201419],[-42.98590665706601,-22.904260459952212],[-42.985907127411416,-22.904263329688852],[-42.98590758696499,-22.904266200324816],[-42.98590804202191,-22.90426907186011],[-42.98590849168297,-22.904271945194026],[-42.985908935048734,-22.9042748203266],[-42.98590937032062,-22.904277691861886],[-42.98590979659926,-22.904280569692467],[-42.985910220179925,-22.90428344662368],[-42.9859106347674,-22.90428632535358],[-42.98591104216026,-22.904289204982742],[-42.98591144235857,-22.90429208191395],[-42.98591183716095,-22.90429496514045],[-42.98591222476878,-22.904297846568305],[-42.98591260698062,-22.904300727096796],[-42.98591298019928,-22.904303612121936],[-42.985913349820656,-22.904306497147076],[-42.98591371224742,-22.904309382172148],[-42.98591406478166,-22.904312267197295],[-42.985914411919985,-22.904315154920386],[-42.985914751863696,-22.904318041744165],[-42.985915087310865,-22.90432093216523],[-42.98591541466404,-22.90432381988827],[-42.98591573482272,-22.904326710309324],[-42.98591604688746,-22.90432959983107],[-42.985916357153556,-22.904332490252134],[-42.98591665662783,-22.90433538516984],[-42.9859169498068,-22.904338277389535],[-42.98591723489189,-22.904341169609236],[-42.985917517279034,-22.9043440654262],[-42.98591778977359,-22.90434695674659],[-42.98591805507358,-22.904349855261525],[-42.985918314977674,-22.904352750179186],[-42.985918566787824,-22.904355645096835],[-42.98591881500069,-22.90435854541046],[-42.98591905511968,-22.904361442126763],[-42.9859192871448,-22.904364339742376],[-42.98591951467326,-22.90436724005602],[-42.985919732309206,-22.904370136772318],[-42.98591994544856,-22.904373039783902],[-42.9859201522926,-22.904375940097474],[-42.98592035014345,-22.90437883681378],[-42.985920541699066,-22.904381739825364],[-42.985920726959385,-22.90438464193758],[-42.98592090502515,-22.904387544949174],[-42.98592107679567,-22.90439044706138],[-42.9859212422709,-22.904393350072972],[-42.985921399652305,-22.904396254883203],[-42.98592155163768,-22.90439915699542],[-42.985921697327875,-22.904402060007005],[-42.98592183492413,-22.90440496481719],[-42.98592196712447,-22.904407869627416],[-42.98592209033162,-22.904410775336906],[-42.98592220724347,-22.904413681945773],[-42.98592231965872,-22.904416586756007],[-42.98592242218145,-22.90441949156618],[-42.98592252020753,-22.90442239997369],[-42.98592261013973,-22.90442530478392],[-42.98592269467601,-22.904428212292103],[-42.98592277021909,-22.90443111710229],[-42.98592284036621,-22.90443402461047],[-42.9859229051174,-22.90443693211866],[-42.985922959976016,-22.90443983692884],[-42.985923010338084,-22.90444274533634],[-42.985923051706855,-22.90444565194522],[-42.98592308678044,-22.90444856035267],[-42.985923120055375,-22.9044514696595],[-42.98592314163912,-22.904454375369053],[-42.98592315512891,-22.904457281977923],[-42.98592316502148,-22.90446019218406],[-42.98592316682012,-22.904463099692194],[-42.985923162323466,-22.904466007200394],[-42.98592314973299,-22.90446891470858],[-42.98592313174654,-22.904471822216713],[-42.98592310656553,-22.90447472972491],[-42.98592307508928,-22.904477637233093],[-42.98592303731775,-22.90448054474129],[-42.98592299235164,-22.90448345224942],[-42.985922940190925,-22.904486359757605],[-42.98592287993639,-22.904489264567843],[-42.9859228151852,-22.90449217207603],[-42.985922742340065,-22.90449507958417],[-42.985922664998405,-22.904497985293713],[-42.985922576864844,-22.904500891902586],[-42.985922485134004,-22.90450379671275],[-42.98592238530923,-22.904506705120266],[-42.98592228008854,-22.904509609930493],[-42.985922164975335,-22.904512514740667],[-42.98592204536552,-22.904515419550904],[-42.98592191676246,-22.904518325260447],[-42.985921784562116,-22.90452123007062],[-42.98592164516722,-22.90452413488085],[-42.98592149677906,-22.904527039691025],[-42.98592134479363,-22.9045299418033],[-42.98592118201636,-22.904532844814828],[-42.98592101474244,-22.904535746927102],[-42.985920840273955,-22.90453864993864],[-42.98589418526787,-22.90461862035297],[-42.98582528011197,-22.904825332223215],[-42.985629129879854,-22.90533834239053],[-42.98543800685794,-22.90583626193383],[-42.98542834184391,-22.90586646656409],[-42.98539777208892,-22.905962002444387],[-42.98539721990518,-22.90596399534203],[-42.98539667221805,-22.905965990038307],[-42.98539613172553,-22.905967987432597],[-42.98539559662886,-22.905969986625525],[-42.98539506962619,-22.905971986717724],[-42.985394549818025,-22.905973990407254],[-42.9853940318085,-22.905975994996105],[-42.98539352728888,-22.90597799958496],[-42.9853930272658,-22.905980006871758],[-42.98539252994069,-22.9059820150579],[-42.98539204160882,-22.905984025042656],[-42.98539156227021,-22.905986036826075],[-42.98539108742814,-22.905988052206773],[-42.98539061708273,-22.90599006668812],[-42.98539015662983,-22.905992084766833],[-42.985389701572856,-22.905994101946153],[-42.985389251911855,-22.905996121823506],[-42.98538881214337,-22.905998141700792],[-42.985388375072844,-22.906000165175403],[-42.98538794969353,-22.906002190448664],[-42.985387527012186,-22.906004214822545],[-42.985387109726744,-22.906006241894456],[-42.985386702333834,-22.906008269865666],[-42.98538630033689,-22.906010299635525],[-42.98538590463518,-22.906012330304712],[-42.98538551522877,-22.906014361873222],[-42.9853851348155,-22.906016397038993],[-42.985384759798215,-22.906018432204824],[-42.9853843901769,-22.906020467370595],[-42.98538402685075,-22.906022505234333],[-42.98538367161855,-22.906024542198764],[-42.985383321782265,-22.906026580062562],[-42.98538298183856,-22.90602862242289],[-42.98538264729076,-22.90603066478328],[-42.985382317239576,-22.906032707143627],[-42.98538199528226,-22.906034746806043],[-42.98538168231819,-22.906036794562365],[-42.98538137205209,-22.90603883962065],[-42.98538106987987,-22.90604088737697],[-42.985380774902254,-22.906042935133275],[-42.9853804871192,-22.906044984688236],[-42.98538020473207,-22.906047035142503],[-42.98537993043887,-22.906049084697397],[-42.98537966244085,-22.906051135151667],[-42.98537939983887,-22.906053187404577],[-42.9853791453307,-22.906055242355443],[-42.985378897117826,-22.90605729460836],[-42.98537865520019,-22.906059349559282],[-42.98537842227576,-22.906061407208107],[-42.9853781947473,-22.906063462158976],[-42.98537797171544,-22.906065519807807],[-42.98537775677745,-22.906067576557316],[-42.9853775499334,-22.906069635105514],[-42.98537735028391,-22.906071694552992],[-42.98537715513102,-22.90607375489978],[-42.98537696717269,-22.90607581524661],[-42.98537678730829,-22.906077874694088],[-42.98537661194049,-22.906079936839504],[-42.98537644466661,-22.906081999884325],[-42.985376287285206,-22.906084062029745],[-42.9853761317025,-22.90608612507454],[-42.98537598511304,-22.906088189917927],[-42.98537584481876,-22.90609025476138],[-42.98537570992046,-22.906092316906808],[-42.985375584914735,-22.90609438175025],[-42.98537546530487,-22.90609644659363],[-42.9853753519903,-22.906098515034355],[-42.98537524497097,-22.906100579877805],[-42.98537514694489,-22.906102647419136],[-42.98537505161672,-22.90610471496055],[-42.98537496708049,-22.906106781602624],[-42.98537488704081,-22.90610885004328],[-42.98537481509506,-22.90611091668537],[-42.985374750343865,-22.906112985126086],[-42.98537469008927,-22.906115051768126],[-42.985374637029295,-22.90611712020884],[-42.985374592063195,-22.906119190448205],[-42.98537455519097,-22.90612125709029],[-42.98537452191603,-22.906123327329585],[-42.98537449673503,-22.906125394870994],[-42.98537447694993,-22.906127465110355],[-42.98537446975537,-22.906129531752434],[-42.98537446166149,-22.906131601991742],[-42.98537446525877,-22.9061336722311],[-42.98537447515129,-22.906135739772502],[-42.98537448684251,-22.906137810011863],[-42.98537451202351,-22.90613987665389],[-42.98537454170112,-22.906141945094618],[-42.9853745767747,-22.906144015333968],[-42.98537461994217,-22.906146084674024],[-42.98537467030419,-22.906148152215362],[-42.985374725162856,-22.90615021975676],[-42.98537478721609,-22.90615228999612],[-42.985374857363205,-22.90615435483951],[-42.985374934704865,-22.90615642507887],[-42.985375017442514,-22.906158489922316],[-42.98537510737471,-22.90616055656433],[-42.985375205400786,-22.90616262500506],[-42.9853753070242,-22.906164689848502],[-42.98537542033877,-22.906166757389848],[-42.98537553725062,-22.9061688222333],[-42.98537565955844,-22.906170887076673],[-42.985375789960145,-22.906172951920112],[-42.985375926657085,-22.90617501676352],[-42.98537607234728,-22.906177079808312],[-42.985376221634695,-22.90617914465175],[-42.98537638171406,-22.906181206797186],[-42.98537654539066,-22.906183269841925],[-42.985376717161174,-22.906185330188766],[-42.985376895226935,-22.906187392334196],[-42.985377079587934,-22.90618945178172],[-42.98537727024423,-22.90619151482647],[-42.98537746989373,-22.90619357157598],[-42.98537767493913,-22.906195631922827],[-42.98537788717916,-22.906197686873693],[-42.9853781048151,-22.906199747220473],[-42.9853783296456,-22.906201804869312],[-42.98537856167072,-22.906203859820174],[-42.98537879999101,-22.906205914771046],[-42.98537904730462,-22.906207969721972],[-42.98537930001409,-22.906210021974882],[-42.98537955722021,-22.906212075127108],[-42.985379821620896,-22.90621412738002],[-42.985380095014776,-22.906216176934915],[-42.98538037470395,-22.906218227389186],[-42.985380659789044,-22.906220276944136],[-42.985380952068695,-22.906222324700448],[-42.98538124974427,-22.90622437155744],[-42.985381557312415,-22.906226420213056],[-42.98538187027647,-22.906228465271358],[-42.98538218683787,-22.90623050673243],[-42.98538251509042,-22.906232551790733],[-42.985382846940254,-22.906234592352483],[-42.98538318508533,-22.906236634712815],[-42.98538353222365,-22.906238675274572],[-42.985383884757894,-22.906240712238983],[-42.985384241788736,-22.906242750102724],[-42.98538460961147,-22.906244787067205],[-42.98538498193076,-22.906246822232983],[-42.98538536234402,-22.90624885470079],[-42.98538574725383,-22.90625088716863],[-42.985386140257575,-22.906252919636437],[-42.98538653955656,-22.906254950305613],[-42.98538694515078,-22.906256977377517],[-42.985387359738255,-22.906259005348737],[-42.98538777702369,-22.90626102972268],[-42.98538820510096,-22.906263054995886],[-42.98538863677557,-22.906265080269137],[-42.98538907744337,-22.906267101945122],[-42.985389521708456,-22.906269121822408],[-42.98538997496679,-22.906271139901108],[-42.98539043182235,-22.906273159778394],[-42.98539089677185,-22.90627517515914],[-42.98539136981528,-22.906277186942557],[-42.98539185005326,-22.906279202323237],[-42.985392334787846,-22.906281212308006],[-42.985392826716996,-22.906283222292785],[-42.98539332494137,-22.906285229579595],[-42.98539383036037,-22.906287236866394],[-42.985394342074656,-22.90628923965662],[-42.98539486008413,-22.906291245144782],[-42.985395385288214,-22.906293245236977],[-42.98539591678754,-22.906295245329225],[-42.98539645188414,-22.906297241824205],[-42.985396999571286,-22.90629924011775],[-42.98539754995638,-22.906301232116075],[-42.985398106636715,-22.906303225013765],[-42.985398672310296,-22.90630521521345],[-42.98539924158116,-22.906307201815842],[-42.98539981984523,-22.906309190216874],[-42.98540040170657,-22.906311175020637],[-42.985400991661855,-22.9063131598244],[-42.98540158971101,-22.906315140131504],[-42.985402192256764,-22.906317116841397],[-42.98540280199713,-22.90631909714855],[-42.98550842197553,-22.906676191852707],[-42.98552742195234,-22.906731837404287],[-42.985546421929214,-22.906787480257915],[-42.985649246814674,-22.907088611949828],[-42.98568948518103,-22.907365235317258],[-42.985689129948774,-22.907367435058998],[-42.98568877021997,-22.907369630304142],[-42.98568840239724,-22.907371830045822],[-42.98568803007795,-22.907374021693688],[-42.98568764966469,-22.90737621693878],[-42.98568726205692,-22.90737841218387],[-42.985686867254536,-22.907380604731053],[-42.98568646705624,-22.907382794580215],[-42.98568605966331,-22.90738498532872],[-42.985685646874536,-22.907387171580602],[-42.985685226891135,-22.9073893596312],[-42.98568479971313,-22.90739154498376],[-42.98568436713926,-22.90739373033633],[-42.98568392737078,-22.907395914789582],[-42.98568348040767,-22.90739809474619],[-42.9856830271494,-22.90740027740079],[-42.9856825666965,-22.907402454659486],[-42.98568209994836,-22.907404631918183],[-42.985681626904935,-22.907406810076132],[-42.985681146667005,-22.907408984636863],[-42.98568066013378,-22.907411157398908],[-42.98568017000322,-22.907413330161003],[-42.9856796699802,-22.90741550022508],[-42.985679161863246,-22.907417670289156],[-42.98567865014902,-22.90741983495732],[-42.98567813034085,-22.9074220023235],[-42.985677605136765,-22.907424166991657],[-42.9856770718388,-22.907426329861174],[-42.98567653224559,-22.907428490032732],[-42.98567598725642,-22.907430650204248],[-42.985675435072686,-22.907432806778523],[-42.985674874795066,-22.90743496515145],[-42.9856743100208,-22.907437117229076],[-42.98567373985062,-22.90743927020608],[-42.985673159787915,-22.90744141958574],[-42.98567257522855,-22.907443569864792],[-42.985671985273335,-22.907445717445817],[-42.98567138722412,-22.90744786232888],[-42.98567078198041,-22.907450007211956],[-42.98567017224004,-22.907452146699107],[-42.985669555305115,-22.907454289783598],[-42.985668930276304,-22.907456426572725],[-42.98566829985158,-22.907458561563274],[-42.98566766493021,-22.907460694755198],[-42.985667021914956,-22.907462829745697],[-42.98566636990645,-22.907464960239647],[-42.98566571519997,-22.907467087136265],[-42.98566505239963,-22.907469214932252],[-42.98566438510269,-22.907471337332268],[-42.9856637070139,-22.907473459732298],[-42.98566302532779,-22.907475580333678],[-42.985662337346376,-22.90747770003573],[-42.985661642170456,-22.907479815241206],[-42.98566093979993,-22.907481926849382],[-42.98566023203349,-22.907484040256197],[-42.985659519770444,-22.907486150065687],[-42.9856587967155,-22.907488257177274],[-42.98565807006329,-22.90749036159085],[-42.98565733981379,-22.90749246510509],[-42.985656596973755,-22.907494566820702],[-42.98565585233514,-22.907496664939085],[-42.985655099602546,-22.90749876215808],[-42.985654342373394,-22.907500854880446],[-42.98565357525168,-22.907502946703538],[-42.98565280543206,-22.907505034929358],[-42.98565202661912,-22.907507124953757],[-42.98565124510829,-22.907509206884324],[-42.98565045190624,-22.907511289714165],[-42.98564965510692,-22.907513369846036],[-42.98564885201229,-22.907515447280016],[-42.98564804172317,-22.90751752201597],[-42.98564722693739,-22.90751959495324],[-42.9856464067557,-22.907521665192597],[-42.98564557668142,-22.90752373183468],[-42.98564474211055,-22.907525794879426],[-42.985643902143764,-22.90752785972288],[-42.985643054982425,-22.907529920069646],[-42.9856422024251,-22.907531975020525],[-42.985641341773906,-22.907534029971455],[-42.98564047482747,-22.907536082224354],[-42.98563960518301,-22.907538131779255],[-42.98563872744474,-22.907540180434893],[-42.98563784161253,-22.907542221895955],[-42.98563695218299,-22.907544265155614],[-42.98563605465963,-22.907546304818048],[-42.98563515174028,-22.907548339983826],[-42.98563424162633,-22.907550371552336],[-42.98563332701583,-22.907552402221505],[-42.98563240521072,-22.907554430192725],[-42.98563147980834,-22.907556454566663],[-42.98563054541275,-22.907558477141908],[-42.985629604721865,-22.907560497019254],[-42.98562865683643,-22.90756251239994],[-42.98562770715235,-22.907564526881313],[-42.98562674667643,-22.90756653686608],[-42.98562578530114,-22.907568545052204],[-42.98562481223469,-22.907570546943095],[-42.98562383736961,-22.907572549733306],[-42.985622855309956,-22.907574549825565],[-42.98562186515638,-22.907576541823882],[-42.985620872304835,-22.90757853741947],[-42.98561986956073,-22.90758052671983],[-42.985618865018026,-22.907582515120872],[-42.985617849683436,-22.907584497226672],[-42.98561683165089,-22.90758647663452],[-42.98561580732304,-22.90758845514303],[-42.98561477490133,-22.907590430054224],[-42.98561373978164,-22.90759239956949],[-42.98561269656809,-22.907594369984135],[-42.98561164705929,-22.907596335002793],[-42.985610592154515,-22.907598294625497],[-42.985609531853825,-22.90760025514756],[-42.98560846525785,-22.907602210273723],[-42.98560739236668,-22.907604160003892],[-42.98560631497886,-22.907606109734072],[-42.98560523039647,-22.907608054967703],[-42.985604140418175,-22.90760999660401],[-42.9856030450439,-22.907611934642965],[-42.98560194157575,-22.90761387178267],[-42.98560083540965,-22.907615801727815],[-42.985599720250285,-22.907617731672893],[-42.985598599695,-22.90761965712138],[-42.98559747464317,-22.907621579871908],[-42.985596345094635,-22.907623497226524],[-42.985595206552965,-22.907625411883174],[-42.98559406531327,-22.90762732474118],[-42.985592915080375,-22.907629232203224],[-42.985591762149525,-22.907631136967296],[-42.98559060022543,-22.907633039932783],[-42.98558943470404,-22.907634934804346],[-42.9855882619881,-22.907636829675848],[-42.98558708477557,-22.907638720050805],[-42.98558590216705,-22.90764060682848],[-42.98558471506193,-22.907642490008833],[-42.98558351716498,-22.907644369591896],[-42.98553859692813,-22.907707242095473],[-42.98535168992795,-22.907864830297587],[-42.98502558676081,-22.90813978002674],[-42.98464523468921,-22.90845843500866],[-42.98453550660778,-22.90854741483124],[-42.98445455233515,-22.90861027474428],[-42.98444275502853,-22.90863819509653],[-42.98439186958849,-22.908687995054862],[-42.984135364954525,-22.908954560404563],[-42.98397945039075,-22.90912556469297],[-42.98397763196154,-22.909126519772965],[-42.9839758099351,-22.90912747035641],[-42.98397398521065,-22.90912841194657],[-42.983972155090285,-22.909129351738127],[-42.98397032496992,-22.909130285234387],[-42.98396849035296,-22.909131212435426],[-42.983966652138704,-22.90913213244189],[-42.98396481032713,-22.909133045253743],[-42.98396296671696,-22.90913395177036],[-42.983961120408786,-22.909134854689707],[-42.983959269604,-22.90913575221313],[-42.98395741700059,-22.90913663984397],[-42.983955561699204,-22.9091375220789],[-42.98395370190123,-22.90913839981723],[-42.98395184210325,-22.90913927215958],[-42.9839499769093,-22.909140137307382],[-42.98394810991677,-22.909140995260618],[-42.98394624022622,-22.909141846918615],[-42.98394436693839,-22.90914269228133],[-42.98394249185193,-22.909143534946082],[-42.98394061226885,-22.909144366818985],[-42.98393873178647,-22.909145195094613],[-42.983936846807424,-22.90914601527632],[-42.9839349600298,-22.9091468300621],[-42.9839330723528,-22.90914763675394],[-42.9839311801792,-22.909148439848558],[-42.983929285307696,-22.909149236647885],[-42.98392738683886,-22.909150027151973],[-42.98392548657132,-22.909150809562135],[-42.983923585404526,-22.909151586576368],[-42.98392167974113,-22.90915235999333],[-42.983919772279094,-22.90915312171912],[-42.98391786211904,-22.90915388164623],[-42.98391595016035,-22.90915463168081],[-42.98391403190642,-22.909155379916758],[-42.98391211455187,-22.909156117360876],[-42.98391019539862,-22.90915685030833],[-42.98390827174872,-22.909157576960542],[-42.98390634719955,-22.909158297317468],[-42.98390441995243,-22.909159009580566],[-42.983902490007345,-22.909159717347016],[-42.9839005600622,-22.909160419717487],[-42.98389862472114,-22.90916111219551],[-42.98389668668217,-22.909161800176854],[-42.98389474684451,-22.909162481862964],[-42.98389280700685,-22.909163157253847],[-42.983890865370554,-22.909163827248765],[-42.983888917439025,-22.90916448735114],[-42.98388697220538,-22.909165144755566],[-42.98388501977725,-22.90916579226742],[-42.98388307004708,-22.90916643528268],[-42.98388111492092,-22.909167070204063],[-42.983879157096816,-22.909167699729462],[-42.983877200172074,-22.90916832475833],[-42.98387523965001,-22.909168939894606],[-42.983873277329295,-22.90916955233288],[-42.983871312310626,-22.909170154878687],[-42.98386934729196,-22.909170752028537],[-42.98386737687738,-22.909171341983736],[-42.983865407362046,-22.909171927442426],[-42.98386343514882,-22.90917250480717],[-42.98386146023758,-22.90917307497736],[-42.98385948532639,-22.909173639751554],[-42.98385750501923,-22.909174197331282],[-42.983855527410086,-22.909174746817055],[-42.983853545304285,-22.909175291806175],[-42.983851559601206,-22.909175832298754],[-42.983849574797446,-22.90917636199943],[-42.98384758999369,-22.90917688720352],[-42.983845599794016,-22.909177405212994],[-42.98384360959433,-22.90917791692723],[-42.983841616696644,-22.909178422346223],[-42.98383962469833,-22.909178919671344],[-42.983837627304084,-22.909179411600483],[-42.98383562990979,-22.909179897234385],[-42.983833631616235,-22.90918037657305],[-42.9838316324233,-22.909180846918467],[-42.98382962963309,-22.909181311867957],[-42.98382762684289,-22.90918177232086],[-42.98382562225409,-22.909182224679817],[-42.98382361496728,-22.90918266984428],[-42.98382160678115,-22.909183106914742],[-42.98381959679639,-22.909183540387996],[-42.98381758681162,-22.909183964867992],[-42.983815575028146,-22.909184384851383],[-42.98381356234542,-22.90918479494226],[-42.98381154696473,-22.909185199637154],[-42.983809529785354,-22.909185599835467],[-42.9838075117067,-22.909185990141243],[-42.983805495426694,-22.909186376849753],[-42.98380347465003,-22.909186754565013],[-42.983801454772745,-22.90918712688434],[-42.983799430398804,-22.90918749021042],[-42.98379740512554,-22.909187849939226],[-42.98379538165092,-22.909188201574146],[-42.983793357277044,-22.909188546913832],[-42.98379132660786,-22.909188885058903],[-42.98378930043528,-22.909189215110096],[-42.9837872697661,-22.909189539765368],[-42.98378523999624,-22.909189857226032],[-42.9837832066291,-22.909190170190094],[-42.98378117685924,-22.909190472362322],[-42.98377914169346,-22.909190771836585],[-42.983777107426945,-22.909191062317603],[-42.98377507226117,-22.909191347402693],[-42.98377303529675,-22.90919162169589],[-42.98377100013097,-22.90919189508983],[-42.98376896226718,-22.909192156792553],[-42.98376692170548,-22.909192414897934],[-42.98376488204305,-22.909192664909504],[-42.98376284238067,-22.909192906827084],[-42.983760800020335,-22.909193145147437],[-42.98375875676063,-22.909193375373917],[-42.98375671529955,-22.90919359660713],[-42.983754670241254,-22.90919381514239],[-42.98375262698154,-22.90919402468441],[-42.983750581923246,-22.909194227031854],[-42.983748535066255,-22.909194422184743],[-42.9837464900079,-22.909194611941718],[-42.98374444225159,-22.9091947954034],[-42.98374239179732,-22.909194969871887],[-42.98374034494039,-22.90919513984377],[-42.983738297184075,-22.90919529992308],[-42.983736246729805,-22.90919545730443],[-42.983734197174854,-22.90919560479326],[-42.983732146720584,-22.909195745087477],[-42.98373009716563,-22.909195879985774],[-42.98372804491273,-22.90919600679021],[-42.9837259917605,-22.909196129997348],[-42.98372394220554,-22.909196245110557],[-42.98372188995269,-22.90919635212989],[-42.983719836800404,-22.90919645195461],[-42.983717781849535,-22.909196547282722],[-42.98371572959663,-22.909196631819007],[-42.983713677343715,-22.909196711858687],[-42.98371162239285,-22.909196787401715],[-42.98370956744198,-22.90919685485087],[-42.983707515189074,-22.909196912407502],[-42.9837054602382,-22.909196967266123],[-42.98370340528733,-22.909197012232283],[-42.98370135033647,-22.909197050003762],[-42.98369929538559,-22.90919708237939],[-42.98369724043472,-22.909197110258358],[-42.98369518458448,-22.909197127345493],[-42.98369312963361,-22.909197139935966],[-42.98369107468274,-22.90919714533194],[-42.98368901973188,-22.90919714173461],[-42.983686964781,-22.909197135439367],[-42.98368490983013,-22.90919712015087],[-42.98368285487927,-22.9091970967685],[-42.98368079992839,-22.9091970670909],[-42.983678744977524,-22.909197032017303],[-42.983676690026606,-22.909196989749166],[-42.98367463507573,-22.909196940286467],[-42.98367258012486,-22.90919688542786],[-42.98367052517399,-22.90919682157599],[-42.98366847202176,-22.909196752328192],[-42.98366641976885,-22.909196674986468],[-42.98366436481798,-22.90919659224883],[-42.98366231166575,-22.90919649961867],[-42.98366026031216,-22.909196401592595],[-42.983658207159934,-22.909196299969178],[-42.98365615490703,-22.909196186654604],[-42.9836541017548,-22.90919606974275],[-42.983652052199844,-22.90919594743493],[-42.983649999946934,-22.909195815234593],[-42.98364795039199,-22.909195676739014],[-42.98364589993771,-22.909195531948132],[-42.98364385038282,-22.909195379962757],[-42.98364179992855,-22.909195221682033],[-42.98363975217224,-22.90919505530749],[-42.983637705315246,-22.909194885335605],[-42.983635656659615,-22.90919470457188],[-42.98363360980268,-22.90919452021088],[-42.98363156474433,-22.909194326856632],[-42.983629516988024,-22.909194127207133],[-42.983627471929665,-22.90919392216167],[-42.98362542956933,-22.909193709921702],[-42.98362338720894,-22.90919348688984],[-42.98362134215064,-22.909193262059347],[-42.983619301588895,-22.909193027336265],[-42.98361726012787,-22.909192789915227],[-42.98361521956612,-22.90919254170236],[-42.98361317990374,-22.909192287194195],[-42.98361114203995,-22.909192027290167],[-42.98360910237757,-22.90919176019152],[-42.98360706721179,-22.909191486797592],[-42.983605032046015,-22.909191205309778],[-42.98360299508154,-22.909190920224678],[-42.9836009617144,-22.909190625247067],[-42.9835989301459,-22.909190324873546],[-42.983596896778764,-22.909190017305406],[-42.983594865210264,-22.90918970164332],[-42.983592835440405,-22.909189379686055],[-42.983590806569865,-22.90918905233283],[-42.983588780397284,-22.909188716885716],[-42.98358675242606,-22.90918837514331],[-42.98358472715286,-22.90918802710567],[-42.9835827018796,-22.909187671873468],[-42.983580680203616,-22.909187312144663],[-42.98357865672905,-22.909186941623968],[-42.98357663685171,-22.909186566606678],[-42.98357461697442,-22.909186187092782],[-42.98357259979504,-22.909185796787],[-42.98357058171639,-22.90918540198461],[-42.983568567234975,-22.909184999987673],[-42.98356655185429,-22.909184591695485],[-42.98356454007087,-22.909184177108003],[-42.98356253008611,-22.90918375532598],[-42.983560520101335,-22.909183327248652],[-42.983558510116566,-22.909182890178183],[-42.98355650193044,-22.909182450409702],[-42.983554497341586,-22.909182001647956],[-42.983552491853416,-22.90918154659104],[-42.983550491761164,-22.90918108164155],[-42.98354848987033,-22.909180614893412],[-42.98354648977808,-22.909180140051344],[-42.98354449238384,-22.909179659813358],[-42.98354249498955,-22.909179169682844],[-42.98354050029327,-22.909178675055756],[-42.98353850739558,-22.909178172334716],[-42.9835365171959,-22.909177665117074],[-42.98353452699622,-22.909177149805565],[-42.983532540393824,-22.90917662729944],[-42.983530554690745,-22.909176100296715],[-42.98352856988699,-22.909175565200112],[-42.983526586881865,-22.909175024707533],[-42.983524604776065,-22.909174475221747],[-42.98352262716693,-22.90917392034006],[-42.98352064955772,-22.909173360062447],[-42.98351867194858,-22.909172791690896],[-42.9835166997353,-22.90917221972208],[-42.98351473022002,-22.90917163696141],[-42.983512759805436,-22.9091710497041],[-42.98351079208881,-22.909170457050845],[-42.983508827070146,-22.90916985720306],[-42.98350686205147,-22.90916925016071],[-42.98350490242872,-22.90916863682306],[-42.98350294190666,-22.909168017190183],[-42.98350098498186,-22.909167390362676],[-42.983499029855764,-22.90916675724],[-42.98349707742757,-22.9091661169227],[-42.983495124999436,-22.909165472108743],[-42.9834931752692,-22.90916482010029],[-42.983491230035625,-22.909164159997907],[-42.98348928480205,-22.90916349539892],[-42.98348734226643,-22.90916282180669],[-42.98348540242877,-22.909162144617216],[-42.98348346528907,-22.90916146023315],[-42.98348152994807,-22.90916076955378],[-42.983189816855955,-22.90908029731779],[-42.98300372464156,-22.90902497192482],[-42.98280757530877,-22.908984737155798],[-42.98259633715067,-22.9089847371558],[-42.98227947721552,-22.90900485499],[-42.982043090415694,-22.909009884898197],[-42.98185196739377,-22.9089847371558],[-42.98166084706982,-22.908944499688825],[-42.98134901704288,-22.908843909618632],[-42.98115286681077,-22.90878858512504],[-42.98092150991915,-22.908783555216836],[-42.980604649984016,-22.90879361503326],[-42.98033052043656,-22.90878698163382],[-42.97998099172879,-22.908778525308634],[-42.97972448529618,-22.908652786596768],[-42.97951827704624,-22.908441550237253],[-42.979276860338246,-22.90820013173063],[-42.97913100469152,-22.907993921682046],[-42.979070650289664,-22.907797772349248],[-42.97905304695996,-22.907687121563317],[-42.97903544183158,-22.907576475274045],[-42.9790153248967,-22.90742055981089],[-42.97893485176139,-22.907219379670575],[-42.978763850170935,-22.906927666578458],[-42.97860290479964,-22.906786839940615],[-42.978356459982024,-22.906625897267265],[-42.97817036686831,-22.906515247380668],[-42.977969186728,-22.906399570283863],[-42.97770872507698,-22.906274989898776],[-42.97746891186017,-22.906144759972644],[-42.97728026736985,-22.90619419210818],[-42.97690117524843,-22.9062832501718],[-42.976466184865956,-22.90636734667563],[-42.976268727019544,-22.906408104850094],[-42.97556243186011,-22.90656292493898],[-42.97531190232183,-22.906610730200974],[-42.9746165716968,-22.90675718479618],[-42.974378100268495,-22.90680746229449],[-42.974031772247876,-22.906874909649293],[-42.973843681739936,-22.906902647439182],[-42.9737334599306,-22.9069105147084],[-42.9735181946084,-22.906914721736964],[-42.97333062210992,-22.906907691736507],[-42.97313832187546,-22.906882056561606],[-42.972931285349944,-22.906837686709785],[-42.97270207514003,-22.90676985174721],[-42.9723838698191,-22.906629015216794],[-42.97185277518479,-22.906332460174802],[-42.97144098191517,-22.90609074489188],[-42.970555232437384,-22.905581014552084],[-42.97046835702842,-22.9055335402406],[-42.970391525248075,-22.905483876979265],[-42.969848174652945,-22.90517092999433],[-42.96897730985436,-22.904670655126576],[-42.96812129016477,-22.90418215688097],[-42.96778870468436,-22.903999402050683],[-42.96743826496332,-22.903839599717653],[-42.967147346871954,-22.90371532959872],[-42.96690358473203,-22.903617162302133],[-42.96596127509216,-22.903211006882398],[-42.965724985419094,-22.903115251567517],[-42.965344422006844,-22.902962011587498],[-42.96513805187894,-22.902873597438507],[-42.96480498975783,-22.90272328205375],[-42.964298327005544,-22.902468745136414],[-42.96368269160232,-22.902138624697685],[-42.963101672003944,-22.90183676185702],[-42.962776467259545,-22.901663365371935],[-42.96256016232101,-22.9015701803195],[-42.962552691652746,-22.901567767438415],[-42.96226675490615,-22.90144586973102],[-42.96199308491228,-22.901340360369282],[-42.96171416737431,-22.90125100732805],[-42.96147750538191,-22.90118074509521],[-42.961223154624264,-22.901121842199156],[-42.96089854972766,-22.901075949795167],[-42.96058124193016,-22.90104405713744],[-42.96021362156076,-22.90103006458573],[-42.959870776614395,-22.901008991671546],[-42.959611535343434,-22.90099791022529],[-42.958668054786266,-22.900975439764647],[-42.957880850320315,-22.900946309824246],[-42.957691775054705,-22.900929846834874],[-42.95722420673112,-22.900881951640677],[-42.95681365992182,-22.900811844990557]]],[[[-43.13895745482231,-22.86446303484114],[-43.13885574689485,-22.868121351918813],[-43.137031081818606,-22.868081334785682],[-43.13707086512798,-22.865656667221334],[-43.136933535054226,-22.86565505743492],[-43.136932796710845,-22.865673411698516],[-43.136894650167584,-22.86662065501916],[-43.13687920161348,-22.868065047164098],[-43.13336918993579,-22.868023416647283],[-43.13269310660123,-22.868162967147136],[-43.13284273670259,-22.868776630337138],[-43.133147904551805,-22.869961325254884],[-43.13399514505951,-22.86999093003736],[-43.134126671808104,-22.86961178665454],[-43.13463855242687,-22.869572665246245],[-43.13440248668505,-22.870810916590457],[-43.13367642172911,-22.870486502350143],[-43.132235382256695,-22.87080804505516],[-43.131913326938125,-22.87121041163111],[-43.13185630182649,-22.87181897026918],[-43.13212349220506,-22.871867236883404],[-43.13194805965488,-22.872550936576413],[-43.13136470181918,-22.8739342098958],[-43.13240450966005,-22.874465397160268],[-43.132940754711704,-22.874426567132307],[-43.13506939513612,-22.87546692715692],[-43.13592215478329,-22.875431796939814],[-43.13725322965248,-22.87603406212223],[-43.1377167474296,-22.875971800258334],[-43.138513705043096,-22.875600862289872],[-43.13867684476023,-22.87478263481066],[-43.13826807231331,-22.874827490296397],[-43.13830784483079,-22.875482311859155],[-43.137553862220585,-22.8757935717159],[-43.136844926651655,-22.874575277227198],[-43.13674853191886,-22.87412258728748],[-43.136776410002966,-22.87276944215595],[-43.13777812525993,-22.870688484685772],[-43.13806303677936,-22.870285256559246],[-43.13812813960161,-22.869735035143705],[-43.138177006962934,-22.869004897158202],[-43.136456152429126,-22.86842064179914],[-43.136385886599015,-22.868216742108906],[-43.139021532417445,-22.86826631184077],[-43.13908662174984,-22.864473912141282],[-43.13895745482231,-22.86446303484114]]],[[[-43.11694412227303,-22.858854882346897],[-43.11720251728196,-22.85964710502978],[-43.11787973016504,-22.861190874958865],[-43.11898292222373,-22.86362813213251],[-43.119350735047995,-22.86377209470633],[-43.11967917465382,-22.863718239704934],[-43.12112352183266,-22.863336124962117],[-43.12261789469973,-22.863226847440988],[-43.123619109933614,-22.863124429948382],[-43.12532114975092,-22.862852574786455],[-43.125401395357706,-22.862993137023608],[-43.12596458229929,-22.86287285000194],[-43.12631209742502,-22.86235545204241],[-43.126602326635705,-22.862309211600785],[-43.12664967504209,-22.8618528470312],[-43.1265136399921,-22.861524400230827],[-43.12632974212353,-22.86119715672331],[-43.12613940690774,-22.861110686908578],[-43.125797241848844,-22.86109396491449],[-43.125525460431284,-22.860938456844256],[-43.12549173675389,-22.860800984677642],[-43.125350226631284,-22.860733316988938],[-43.12490182465911,-22.86047418723392],[-43.12491952241766,-22.860182475041118],[-43.12474708011326,-22.859774289851526],[-43.124382756658534,-22.85937653679768],[-43.124071291756316,-22.859119020426395],[-43.12359498472041,-22.858897635217637],[-43.123008436989394,-22.858725717218],[-43.122679972202555,-22.858709149907245],[-43.122546000197374,-22.85883290471472],[-43.12228818525115,-22.859313752427667],[-43.12173783163526,-22.85949764040371],[-43.12026156212102,-22.859289819669396],[-43.11897665484838,-22.85910963510154],[-43.11775106955583,-22.858600144880686],[-43.117288819822825,-22.85835352469534],[-43.11705533513521,-22.858401526908864],[-43.11685964175865,-22.858519726604058],[-43.11694412227303,-22.858854882346897]]],[[[-43.08278250740637,-22.985768126797538],[-43.08271463197423,-22.98600622230922],[-43.081298980363215,-22.985750164638294],[-43.080719735127225,-22.98565355496751],[-43.08068157509416,-22.986071197427727],[-43.08067777725717,-22.986339931942243],[-43.080673556738816,-22.986638526646615],[-43.080603989681954,-22.986996060219933],[-43.080795385198435,-22.987147702104693],[-43.08108564498611,-22.987151220252525],[-43.08149730965267,-22.987693769551733],[-43.081974327153034,-22.988177379982034],[-43.0829673702475,-22.988667235304582],[-43.08415477032594,-22.989099706686073],[-43.085214011616934,-22.98947089196801],[-43.08617861185304,-22.989691601785896],[-43.086758302253436,-22.989758335079024],[-43.08740669726082,-22.989527249782704],[-43.08799227192538,-22.989175942215894],[-43.088316470328394,-22.98906039462142],[-43.088575742176324,-22.988973930202665],[-43.08887104985861,-22.988619117078517],[-43.08897074510339,-22.988411266666535],[-43.088913387242606,-22.987902875417294],[-43.08830692222626,-22.987447587336224],[-43.086928116738775,-22.986863510042863],[-43.08606281244841,-22.986464817197465],[-43.085390175315936,-22.98612817667393],[-43.08449136678269,-22.985818665099227],[-43.083849724784564,-22.985571987357257],[-43.0830757115744,-22.985562621817486],[-43.08278250740637,-22.985768126797538]]],[[[-43.062207287036216,-22.982587480128046],[-43.06227998193518,-22.9829180718115],[-43.06241480200103,-22.983235090027307],[-43.0625345521274,-22.983523251696656],[-43.06279259730005,-22.983884780058506],[-43.063174689559816,-22.984233492181865],[-43.0637284920758,-22.984483955170305],[-43.06415845974468,-22.984732901901825],[-43.06452752712321,-22.984909429826267],[-43.065127370431334,-22.98518912168052],[-43.065607252272436,-22.985194981663003],[-43.06593233201105,-22.985198952169842],[-43.066082029561564,-22.985559154930996],[-43.066311374669716,-22.985762641832405],[-43.06658777230738,-22.985923699618947],[-43.066743391893546,-22.98586826001209],[-43.067127334958094,-22.986087969783892],[-43.067558537396145,-22.986250915247496],[-43.06788361983273,-22.98625488035836],[-43.068319514933236,-22.986088176627995],[-43.068573514955276,-22.985646890091825],[-43.068423812008845,-22.985286690028627],[-43.06797978164114,-22.984937236863953],[-43.06802887203439,-22.9847514818953],[-43.067784861681545,-22.984490475255168],[-43.06777081157325,-22.984389959828693],[-43.067910741587,-22.984348662061038],[-43.06808346987576,-22.984178746851605],[-43.06822279014919,-22.984180446570264],[-43.06815007726378,-22.98384985668546],[-43.0679694169546,-22.98348927980632],[-43.067882449814746,-22.983072506990514],[-43.067732342173414,-22.982740971918222],[-43.067393824764714,-22.982593494793864],[-43.066944911977636,-22.982588017023303],[-43.06654019187588,-22.98274076237621],[-43.06635321203064,-22.98282449015804],[-43.06634162156812,-22.982700720062137],[-43.065284222088714,-22.98233002491063],[-43.06393187465583,-22.98216418183145],[-43.06319906658317,-22.981438480201607],[-43.06295609494734,-22.981105804789],[-43.062739379917986,-22.981103155386258],[-43.06261411155154,-22.98120196659742],[-43.062733247440946,-22.981533126652412],[-43.06288273005348,-22.981907661909002],[-43.062926306703254,-22.98210888521683],[-43.06252362986115,-22.98211829662202],[-43.06224274460649,-22.982272544742077],[-43.062207287036216,-22.982587480128046]]],[[[-43.126444156572184,-22.863855800005105],[-43.12653496741446,-22.86422494472536],[-43.12627147504816,-22.864462991673676],[-43.126581912025266,-22.864796647347333],[-43.1269922097223,-22.86483955670011],[-43.12731825713151,-22.865033779685106],[-43.12774138006031,-22.86514029718692],[-43.12797104712577,-22.8653714616236],[-43.12847216465828,-22.865783510300705],[-43.12885142675159,-22.86609258660353],[-43.129000150336324,-22.86623395013661],[-43.13016067957132,-22.866501441788024],[-43.12999339667756,-22.86671524481265],[-43.13037596737662,-22.86678320208305],[-43.13170311040986,-22.865884954726805],[-43.13129454210908,-22.865715154630635],[-43.13103869487948,-22.865394842198135],[-43.13079185525955,-22.865417327047943],[-43.1305651352724,-22.86497043503747],[-43.13069098460087,-22.864781529743738],[-43.13044588157182,-22.86467711036031],[-43.13037932184786,-22.864536711799733],[-43.130561511903885,-22.86423424011802],[-43.130646977175914,-22.86399409235341],[-43.13039321727282,-22.863521496819573],[-43.1302018496353,-22.863493861552374],[-43.130210332040825,-22.863874729834873],[-43.12994044999143,-22.863579635291874],[-43.12906964724603,-22.862167581868373],[-43.128595572327434,-22.861774214808104],[-43.128174544819004,-22.861515415104282],[-43.127848767206466,-22.861549264686726],[-43.12699747165562,-22.86197246495724],[-43.12627801222011,-22.862713962279464],[-43.12628231187882,-22.862849491910463],[-43.1263427867898,-22.86325807190245],[-43.12645042484685,-22.863398955197546],[-43.1266256604455,-22.863604095052874],[-43.126444156572184,-22.863855800005105]]],[[[-43.1249760016408,-22.874153786567916],[-43.12477520461165,-22.874441604696223],[-43.123551194931345,-22.87431108968501],[-43.12233145703073,-22.874520549883393],[-43.12088521498032,-22.874934596854107],[-43.1206482373259,-22.87460015517295],[-43.119363816586485,-22.874958064662888],[-43.11861075218406,-22.875065229676558],[-43.11850800194237,-22.87537907238621],[-43.118199381595794,-22.87569876968243],[-43.118415264752294,-22.876265109647],[-43.11878449041155,-22.876742065094145],[-43.11930900200844,-22.876988706863276],[-43.120155692131114,-22.877230870008567],[-43.12136269743019,-22.876648182167834],[-43.12227515227609,-22.87601226525376],[-43.122570717164486,-22.875990880274827],[-43.123245949740415,-22.876338784807025],[-43.12314515012822,-22.8765117046514],[-43.12313324040635,-22.87672713005297],[-43.1239028397439,-22.87671963240506],[-43.12392312215401,-22.876545760178637],[-43.12530484234425,-22.874315192392114],[-43.1249760016408,-22.874153786567916]]],[[[-43.05362119955824,-22.980286602444696],[-43.05380945194419,-22.98053276217714],[-43.05415480689836,-22.98050340201033],[-43.054354905154256,-22.98094546196345],[-43.05449965193692,-22.980928126631653],[-43.0547660500127,-22.98106518960677],[-43.0552063670797,-22.980897379710235],[-43.05522668006673,-22.980612130045664],[-43.054912872430656,-22.979461485259243],[-43.054478516969496,-22.978080005187987],[-43.05417632497695,-22.977560236615574],[-43.05372719994985,-22.977210685424694],[-43.05331524660086,-22.977148285065233],[-43.05300265215018,-22.977354690266655],[-43.052748689899616,-22.977791171725112],[-43.05281344018762,-22.979034321676554],[-43.05362119955824,-22.980286602444696]]],[[[-43.10205814986333,-22.956447094857456],[-43.10237292157266,-22.95700037666601],[-43.102687581766055,-22.957099712181876],[-43.10312182031536,-22.95689766239716],[-43.10368632026704,-22.95717138724965],[-43.10408943238097,-22.957403182111115],[-43.10459103015152,-22.95751072034339],[-43.105041116553856,-22.957611667444418],[-43.10539285219799,-22.95736500499093],[-43.105482261896476,-22.956965882269607],[-43.10521939725695,-22.95638933230177],[-43.10471680483628,-22.956226609870075],[-43.104532639869014,-22.956099176835476],[-43.10454464671765,-22.95574813007207],[-43.10375132686185,-22.955284696831235],[-43.10321104655217,-22.955176695448053],[-43.10258560224336,-22.95516323979164],[-43.10222330675979,-22.955242524922514],[-43.10213622180877,-22.955474430400592],[-43.10213592233457,-22.955958236883045],[-43.10235787681413,-22.956229680155534],[-43.10205814986333,-22.956447094857456]]],[[[-43.115337799999104,-22.952387090191998],[-43.11561611499131,-22.952409510290607],[-43.11570388522574,-22.9524057772048],[-43.115823467178856,-22.952340296667305],[-43.11587584999012,-22.95228358002315],[-43.11589774218668,-22.95219304976937],[-43.11596646478011,-22.952074404909787],[-43.11594212462898,-22.95196898997685],[-43.11583054664202,-22.951829092338677],[-43.11572260731208,-22.95179913682066],[-43.11564502459782,-22.951812552007635],[-43.11541035999971,-22.95199134172695],[-43.115331781735954,-22.952076422089114],[-43.115171724894815,-22.95208407531974],[-43.11505657480068,-22.95220216709626],[-43.11505015723855,-22.95229288171104],[-43.115131904713216,-22.952351194651822],[-43.115260811736675,-22.952357505194616],[-43.115337799999104,-22.952387090191998]]],[[[-43.1159086221848,-22.853767011938007],[-43.115962440313986,-22.854300522151316],[-43.116221265198874,-22.85425831696771],[-43.11644796719951,-22.854387355292122],[-43.11673464498751,-22.85444933476893],[-43.11682571483448,-22.854242634589855],[-43.116721534670724,-22.85406080516194],[-43.11641178477567,-22.85403920524508],[-43.11618122018678,-22.853788187374885],[-43.1159086221848,-22.853767011938007]]],[[[-43.12575568507641,-22.910331081614036],[-43.12598599155991,-22.910462817005318],[-43.126056799681194,-22.910377640415707],[-43.12612908179132,-22.91018496516396],[-43.12601373204775,-22.910133432212074],[-43.125776380275354,-22.909951437308933],[-43.12545284467269,-22.909847272433623],[-43.125297236777676,-22.90990994169037],[-43.125279891553376,-22.910045924579702],[-43.12542599001706,-22.91011215964838],[-43.12575568507641,-22.910331081614036]]],[[[-43.11611068186209,-22.95203693465673],[-43.11611306236755,-22.952144477385644],[-43.11619401664018,-22.952166941551052],[-43.11632269163851,-22.9520967953308],[-43.116469076985936,-22.952145122199553],[-43.11654715522666,-22.952095877122968],[-43.116667397282185,-22.952075801556912],[-43.11673476189935,-22.95196192040622],[-43.11659750736868,-22.95181335240423],[-43.11648961480347,-22.951779816685107],[-43.11634982688264,-22.95181399541949],[-43.116275272185696,-22.951888370252025],[-43.11611068186209,-22.95203693465673]]],[[[-43.101582994858894,-22.931246084738955],[-43.101942061776334,-22.93139373003655],[-43.102004359613126,-22.93136580518772],[-43.10206798664789,-22.931242327371457],[-43.101993812364164,-22.931012076645942],[-43.101720834848244,-22.930980139921445],[-43.101589884565136,-22.931121927035214],[-43.101582994858894,-22.931246084738955]]]]}}]}